大学名,HP,カテゴリ,監督氏名,部員数,新４年人数,新３年人数,新２年人数,新１年人数,24新入部員,25新入部員,22J内定,23J内定,24J内定,24デンソー出場,25デンソー出場,部員主な学部,面数,部員寮,施設特記事項,スポーツ推薦有無,スポーツ推薦基準評定,スポーツ推薦受入人数,セレクション有無,セレクション時期,一般入部可否,入部条件,推薦条件など　他,PLAYMAKERコメント
上武大学,https://jobuuniv-fc.com/,Norte１部 (https://www.notion.so/Norte-9df4b5977b834f8db8b9c40cc79d651d?pvs=21),田坂 和昭,130,47,32,18,33,https://jobuuniv-fc.com/player/list/grade/1,,0,0,0,0,0,ビジネス情報学部,2,あり,学内人工芝,有,,50,有,,条件有,入試前に練習参加必須,,北関東で常に上位入りする大学。人工芝2面やクラブハウスを有し、スポーツに力を入れている大学。都県リーグ勢では珍しく社会人リーグにもＢチームが所属しており、群馬県で上位に入っている。部員数が多いものの、各カテゴリーで試合機会も多く、這い上がりたい選手にはおすすめ
尚美学園大学,https://www.footballnavi.jp/shobi-univ/,Norte１部 (https://www.notion.so/Norte-9df4b5977b834f8db8b9c40cc79d651d?pvs=21),星野 泰聖,130,27,35,41,27,https://www.footballnavi.jp/shobi-univ/page.php?pno=1184,,0,0,0,0,0,スポーツマネジメント学部,1,なし,学内人工芝,有,3,30,無,,条件有,入試前に練習参加必須高校指導者からの推薦が必要一般入部は仮入部を経て決定,学部の数に限りがあるため時期によっては選べない可能性がある,"2024年Norte1部優勝。関東大会第3位で作新学院大学との関東3部参入POを戦うも敗戦。2年連続の入れ替え戦敗退となった。過去、関東2部に所属経験もある埼玉県で常に上位に入る大学。学校からのサポート体制も手厚くS級所持者が3名おり指導にあたっている。部費も月3,000円で格安で学力優秀者には免除をするなどサッカーだけではなく勉強面もサポート。学内にグラウンドを有しており、サッカーにも打ち込むことができる。2024年から新体制となりスタッフが全員OBとなった。"
埼玉工業大学,https://www.saiko-fc.com/,Norte１部 (https://www.notion.so/Norte-9df4b5977b834f8db8b9c40cc79d651d?pvs=21),今成 和尚,48,9,14,12,13,https://www.saiko-fc.com/%E8%A4%87%E8%A3%BD-%E5%B9%B4%E7%94%9F-1,,0,0,0,0,0,人間社会学部,1,なし,学内人工芝,有,,10,無,,条件有,入試前に練習参加必須,,過去、Jリーガーも数名輩出しているチーム。朝練が基本中心となる。監督は国士舘大学OBでGKだったこともあり、多くのGKを次のステージへ輩出している。長年このチームを率いており、手厚く学生をサポートしている。今季はNORTE1部上位へ食い込み、関東大会出場争いを展開。関東リーグ昇格を目指す。
足利大学,https://www2.ashitech.ac.jp/club/soccer/,Norte１部 (https://www.notion.so/Norte-9df4b5977b834f8db8b9c40cc79d651d?pvs=21),谷田部 將司,32,8,13,6,5,https://www2.ashitech.ac.jp/club/soccer/sample/index.html#sec7,,0,0,0,0,0,工学部等,1,なし,市の人工芝施設,無,,,無,夏,可,誰でも入部可,,栃木県にある理系大学。監督は関東連盟副理事長を務めている谷田部氏が務め、選手をサポートしている。グラウンドは足利市と提携事業でつくられた「あしスタ」を利用し、地域との繋がりも大切にしている。夏に練習会も用意されているため興味がある選手は参加してみよう
白鷗大学,https://hakuohsoccer.club/,Norte１部 (https://www.notion.so/Norte-9df4b5977b834f8db8b9c40cc79d651d?pvs=21),吉永 広人,54,16,23,15,,,,0,0,0,0,0,経営学部、教育学部等,1,なし,学内人工芝,有,3.3,,無,,可,誰でも入部可,入試前に練習参加し、認められた選手,栃木県にある教育系に強みを持つ大学。学内に人工芝をもち、監督がいながらも学生で考え行動することに重きを置いている。そのようなスタイルもあり、これまで教員や公務員を多く輩出してきた。Bチームは栃木県1部に所属し良いレベル感での出場機会が用意されている。
埼玉大学,https://park.saitama-u.ac.jp/~student_support/wp-content/uploads/2022/02/123.pdf,Norte１部 (https://www.notion.so/Norte-9df4b5977b834f8db8b9c40cc79d651d?pvs=21),菊原 伸郎,0,,,,,,,0,0,0,0,0,教養学部、経済学部等,1,なし,天然芝,無,,,無,,可,誰でも入部可,,埼玉県の国立大学で教員養成に強みをもつ大学。監督は元Jリーガーで教授である菊原氏。自律した人材輩出を目指し、トレーニングも学生が中心となり学びながら組み立てている。グラウンドは天然芝を保有しておりこれも学生で管理をしている、公共施設の人工芝を使用することも多い。まじめな選手が多い印象。
駿河台大学,https://surugadai-fc.com/,Norte１部 (https://www.notion.so/Norte-9df4b5977b834f8db8b9c40cc79d651d?pvs=21),髙峯 弘樹,75,9,24,28,14,https://surugadai-fc.com/introduction/,,0,0,0,0,0,スポーツ科学部、法学部等,1,なし,学内人工芝,有,3,20,無,,条件有,入試前に練習参加必須,都道府県ベスト16以上,近年、部員数も増え、選手獲得にも力をいれる埼玉県に所在する大学。監督は過去神奈川大学などでも指揮を執った高峯氏。チームの取り組みとしてチームビルディングなども取り入れながらより「考える」要素も加え強化を図っている。トレーニングは基本朝練が中心。近年スポーツ科学部も設置され保健体育教員免許も取得可能。2024年はNorte1部で上位に食い込み関東大会出場争いを最終節まで展開するも、惜しくも関東大会出場ならず
文教大学,https://www.bunkyo-fc.com/,Norte１部 (https://www.notion.so/Norte-9df4b5977b834f8db8b9c40cc79d651d?pvs=21),藤原 良浩,46,6,10,17,13,https://www.bunkyo-fc.com/about-1,,0,0,0,0,0,教育学部、文学部、経営学部他,1,なし,学校人工芝,無,,,無,,可,誰でも入部可,,教員採用率が全国TOPレベルを誇る大学。それもあり学生主体運営を打ち出し、監督はいるもののトレーニングメニューやメンバー選考、各種イベントなども学生が中心となり運営している。サッカー人生史上最も熱い時間を過ごすことを理念として標ぼうしており、人としての成長を促している。チームの雰囲気は良いと評判
常磐大学,https://tokiwafootball13.wixsite.com/tokiwafiitball13,Norte１部 (https://www.notion.so/Norte-9df4b5977b834f8db8b9c40cc79d651d?pvs=21),猿山 誠,44,5,11,9,19,https://www.tokiwa-soccer.com/,,0,0,0,0,0,人間科学部、総合政策学部等,1,なし,学内人工芝（サイズは小さい）,有,,,有,夏,可,誰でも入部可,都道府県大会出場夏のセレクション参加必須,茨城県に所在し、水戸ホーリーホックと提携をしている。監督は今季から過去城西大学で関東リーグ出場や天皇杯出場を果たした経験を持つ猿山氏が就任。北関東の選手が多いが、今後選手獲得に力を入れ強化を図るのではとみられる。昨年はNorte1部で下位となり2部降格となったが、1年で1部復帰が決定。今後の動向に注目
平成国際大学,http://www.hiu-soccer.com/,Norte１部 (https://www.notion.so/Norte-9df4b5977b834f8db8b9c40cc79d651d?pvs=21),冨士 祐樹,95,20,15,26,34,https://www.jufa-kanto.jp/news.php?kn=3805,,1,0,0,0,0,スポーツ健康学部等,1,なし,,有,3,30,無,,条件有,練習参加で入試前に合格必要(30名程度),特待あり,2023年関東3部昇格。埼玉県所在。監督が元Jリーガーであり、自分で考える力を養うことを目指している。学生が中心となりスクール活動なども実施している。大学自体は公務員に強く、警察官や消防士などを目指している選手にはおすすめ。
東洋大川越,https://toyokawagoefc.wixsite.com/toyo-kawagoefc,Norte２部 (https://www.notion.so/Norte-d5d2b1f7aeca410481280965ac7d63a1?pvs=21),福井 裕希,48,12,10,14,12,https://toyokawagoefc.wixsite.com/toyo-kawagoefc/%E8%A4%87%E8%A3%BD-%E9%83%A8%E5%93%A1%E7%B4%B9%E4%BB%8B2%E5%B9%B4,,0,0,0,0,0,理工学部、総合情報学部等,1,なし,学内人工芝,無,,,無,,可,誰でも入部可,,埼玉県にある東洋大学の川越キャンパスのサッカー部。本家は関東1部に所属する東洋大学のため、関東リーグへは参入できないチームだが「脱サークル」を掲げ、本気でサッカーに打ち込んでいる。昨年2部3位となり、1部昇格を決めたが1年での降格が決まった。
茨城大学,https://www.instagram.com/ibaraki_univ_fc/,Norte２部 (https://www.notion.so/Norte-d5d2b1f7aeca410481280965ac7d63a1?pvs=21),,0,,,,,,,0,0,0,0,0,,,なし,,無,,,無,,可,誰でも入部可,,
群馬大学,https://www.instagram.com/gufc_spts/,Norte２部 (https://www.notion.so/Norte-d5d2b1f7aeca410481280965ac7d63a1?pvs=21),,0,,,,,,,0,0,0,0,0,,,なし,,無,,,無,,可,誰でも入部可,,
宇都宮大学,https://www.instagram.com/_uu.soccer_/,Norte２部 (https://www.notion.so/Norte-d5d2b1f7aeca410481280965ac7d63a1?pvs=21),,0,,,,,,,0,0,0,0,0,,,なし,,無,,,無,,可,誰でも入部可,,
育英大学,https://www.ikuei-g.ac.jp/university/ikuei-football-club/,Norte２部 (https://www.notion.so/Norte-d5d2b1f7aeca410481280965ac7d63a1?pvs=21),萩原 直斗,17,0,0,0,17,https://www.ikuei-g.ac.jp/university/ikuei-football-club/playersnstaff/,,0,0,0,0,0,教育学部,1,あり,学内人工芝他,有,,,,,,練習参加で入試前に合格必要,,
日本スポーツウェルネス大学,https://www.footballnavi.jp/wellness_univ/,Norte２部 (https://www.notion.so/Norte-d5d2b1f7aeca410481280965ac7d63a1?pvs=21),村田 信行,0,,,,,,,0,0,0,0,0,,,,学内人工芝,有,,,,,,練習参加で入試前に合格必要,,
日本薬科大学,https://www.nichiyaku.ac.jp/soccerclub/,Norte２部 (https://www.notion.so/Norte-d5d2b1f7aeca410481280965ac7d63a1?pvs=21),清水 純也,0,,,,,,,0,0,0,0,0,,,,人工芝(サイズ正規なし),有,,,,,可,練習参加で入試前に合格必要,,
高崎経済大学,https://www.takeki-afc.com/,Norte２部 (https://www.notion.so/Norte-d5d2b1f7aeca410481280965ac7d63a1?pvs=21),,31,1,11,9,10,,,0,0,0,0,0,,,,,無,,,無,,可,誰でも入部可,,
IPU・環太平洋大学,https://ipu-japan.ac.jp/athletic/club/soccer/,中国１部 (https://www.notion.so/a951624bb1684081832c565c6630d04a?pvs=21),桂 秀樹,203,50,52,48,53,https://web.gekisaka.jp/news/university/detail/?401853-401853-fl,,1,2,0,5,5,体育学部、経済経営学部等,2,大学寮,施設面全国TOPクラス,有,3,20,無,,可,誰でも入部可,,スポーツに力を入れている大学でグラウンドはもちろんトレーニングセンターやコンディショニングルームなど全国屈指の環境を誇る。ほか部活も全国レベルでそこからの刺激もある。部員数は多いものの、サッカーが本気で大好きな選手が多い印象で、明るい雰囲気。学生トレーナーや学生コーチも多く在籍している。ボールをしっかり繋ぐサッカーを徹底
岡山大学,http://fc-okayama-univ.com/TeamProfile/top.html,中国１部 (https://www.notion.so/a951624bb1684081832c565c6630d04a?pvs=21),山田 充,66,16,8,25,17,,,0,0,0,0,0,,,,,無,,,無,,可,誰でも入部可,,
山口大学,,中国１部 (https://www.notion.so/a951624bb1684081832c565c6630d04a?pvs=21),丹 信介,0,,,,,,,0,0,0,0,0,,,,,無,,,無,,可,誰でも入部可,,
福山平成大学,,中国１部 (https://www.notion.so/a951624bb1684081832c565c6630d04a?pvs=21),若井 研治,0,,,,,,,0,0,0,2,0,,,,,,,,,,,,,
広島文化学園大学,https://www.footballnavi.jp/hbg_soccer/,中国１部 (https://www.notion.so/a951624bb1684081832c565c6630d04a?pvs=21),房野 真也,54,10,23,6,15,,,0,0,0,0,3,スポーツ健康福祉学科,,,,,,,,,,,,
福山大学,https://www.footballnavi.jp/fukuyama_univ/,中国１部 (https://www.notion.so/a951624bb1684081832c565c6630d04a?pvs=21),的場 千尋,86,20,18,23,25,https://www.footballnavi.jp/fukuyama_univ/member.php?stno=616,,0,0,0,2,2,,,,,,,,,,,,,
周南公立大学,,中国１部 (https://www.notion.so/a951624bb1684081832c565c6630d04a?pvs=21),中村 重和,0,,,,,,,0,0,0,1,2,,,,,,,,,,,,,
広島修道大学,,中国１部 (https://www.notion.so/a951624bb1684081832c565c6630d04a?pvs=21),畑 裕喜,0,,,,,,,1,0,0,1,0,,,,,,,,,,,,,
広島経済大学,https://www.hue.ac.jp/circle/taiku/huefc/,中国１部 (https://www.notion.so/a951624bb1684081832c565c6630d04a?pvs=21),服部 公太,60,13,18,14,15,https://www.hue.ac.jp/circle/taiku/huefc/,,0,0,0,3,4,,,,,,,,,,,,,
広島大学,https://hiroshima-u-soccer.jimdofree.com/,中国１部 (https://www.notion.so/a951624bb1684081832c565c6630d04a?pvs=21),上泉  康樹,70,16,18,17,19,https://hiroshima-u-soccer.jimdofree.com/%E3%83%A1%E3%83%B3%E3%83%90%E3%83%BC%E7%B4%B9%E4%BB%8B/1%E5%B9%B4%E7%94%9F/,https://web.gekisaka.jp/news/university/detail/?424847-424847-fl,0,0,0,6,5,,1,,学内人工芝,有,,,,,,,,
下関市立大学,,中国２部 (https://www.notion.so/a5f84a3ecfad47f3b82b99fe24b2a712?pvs=21),,0,,,,,,,0,0,0,0,0,,,,,無,,,,,可,,,
尾道市立大学,,中国２部 (https://www.notion.so/a5f84a3ecfad47f3b82b99fe24b2a712?pvs=21),,0,,,,,,,0,0,0,0,0,,,,,無,,,,,可,,,
就実大学,,中国２部 (https://www.notion.so/a5f84a3ecfad47f3b82b99fe24b2a712?pvs=21),丹生 裕一,0,,,,,,,0,0,0,0,0,,,,,無,,,,,可,,,
鳥取大学,https://tottorisoccer.wixsite.com/toridaisoccer,中国２部 (https://www.notion.so/a5f84a3ecfad47f3b82b99fe24b2a712?pvs=21),中郷 厚史,0,,,,,,,0,0,0,0,0,,,,,無,,,,,可,,,
広島工業大学,,中国２部 (https://www.notion.so/a5f84a3ecfad47f3b82b99fe24b2a712?pvs=21),今井 厚准,0,,,,,,,0,0,0,0,0,,,,,無,,,,,可,,,
島根大学,,中国２部 (https://www.notion.so/a5f84a3ecfad47f3b82b99fe24b2a712?pvs=21),学生監督,0,,,,,,,0,0,0,0,0,,,,,無,,,,,可,,,
吉備国際大学,https://www.kibikokusai-fc.jp/,中国２部 (https://www.notion.so/a5f84a3ecfad47f3b82b99fe24b2a712?pvs=21),下山 雅司,0,,,,,,,0,0,0,0,0,,,,,,,,,,,,,
広島国際大学,,中国２部 (https://www.notion.so/a5f84a3ecfad47f3b82b99fe24b2a712?pvs=21),菅　輝,0,,,,,,,0,0,0,0,0,,,,,,,,,,,,,
川崎医療福祉大学,https://w.kawasaki-m.ac.jp/life/activities_club_06/,中国２部 (https://www.notion.so/a5f84a3ecfad47f3b82b99fe24b2a712?pvs=21),,0,,,,,,,0,0,0,0,0,,,,,無,,,,,可,誰でも入部可,,
岡山理科大学,https://ridai-fc.com/,中国２部 (https://www.notion.so/a5f84a3ecfad47f3b82b99fe24b2a712?pvs=21),奏 敬治,0,,,,,,,0,0,0,0,0,,,,,無,,,,,可,誰でも入部可,,
福岡大学,https://fukuoka-u-football.com/,九州１部 (https://www.notion.so/39d03918463c4ff4947f4507c8980c8f?pvs=21),乾 真寛,122,35,30,31,26,https://web.gekisaka.jp/news/university/detail/?402838-402838-fl,,4,3,1,12,8,スポーツ科学部、法学部等,1,あり,,有,3,20,無,,不可,練習参加 or セレクションで入試前に合格必要,,九州の名門強豪大学。地方大学ながら毎年Jリーガーを多く輩出しており、一芸に秀でた選手が多く在籍している印象。グラウンドはもちろんその他施設も新たに新設されたりととても充実している。部員一人一人の主体性を高めるためにも部署制度を作っており、強固な組織づくりをはじめ、社会人としての基礎をつくることにも力をいれている。
日本文理大学,https://club.nbu.ac.jp/football/,九州１部 (https://www.notion.so/39d03918463c4ff4947f4507c8980c8f?pvs=21),西野 晃平,127,25,35,36,31,https://www.nbu.ac.jp/s_life/club/soccer/player/,,2,0,0,0,1,工学部、経営経済学部等,1,全寮制,,有,3,25,無,,不可,,,大分県に所在。元JリーガーでOBである西野氏が監督を務め、各カテゴリーにスタッフを配置して指導にあたっている。九州では一番大所帯で１学年４０名程度が在籍。部員アパートや砂場練習場など特色ある施設も充実しており、個の育成に重きを置いている。大分県にゆかりがある選手を特に意識して九州からサッカーを盛り上げることを目指す
鹿屋体育大学,https://kanoyafootball.com/,九州１部 (https://www.notion.so/39d03918463c4ff4947f4507c8980c8f?pvs=21),塩川 勝行,81,24,19,19,19,https://kanoyafootball.com/player#anchor_1%E5%B9%B4%E7%94%9F,,1,1,2,9,7,体育学部,3,大学寮,,有,3,5,無,,可,誰でも入部可(基準あり),スポーツ推薦は地域レベル以上の大会出場が必要,鹿児島県に所在。国立大学唯一の体育大学ということもあり、しっかりした選手が多い。立地環境がへ九州内でも辺鄙な場所にあり、移動がかなり大変な面もある。マネージャーや主務などの育成にも力をいれており、プレーヤー、指導者以外にもサッカーに関わる業務を携わりたい、集中してスポーツに取り組みたいメンバーにとっては良い環境。
九州産業大学,https://www.ksusoccer1961.com/,九州１部 (https://www.notion.so/39d03918463c4ff4947f4507c8980c8f?pvs=21),,84,18,16,22,28,https://www.ksusoccer1961.com/%E9%81%B8%E6%89%8B-%E3%82%B9%E3%82%BF%E3%83%83%E3%83%95%E7%B4%B9%E4%BB%8B/1%E5%B9%B4%E7%94%9F/,,1,1,1,1,4,人間科学部、経済学部等,1,なし,,有,3.1,15,無,,不可,練習参加で入試前に合格必要,,福岡県に所在。Jリーグだけでなく、ヨーロッパでの指導経験も豊富な濱吉氏が監督を務め、「スポーツキャリアコーディネーター」という資格も保持。サッカー部内でも企画や広報、総務、審判などさまざまな部署を作り各々活動を促しながら、チーム強化と人材育成を行っている。サッカー選手以外の進路を考えている選手におすすめ。
久留米大学,,九州１部 (https://www.notion.so/39d03918463c4ff4947f4507c8980c8f?pvs=21),,0,,,,,,,0,0,0,0,0,,,,,,,,,,,,,
東海大学熊本,http://www.tokai-kumamoto-fc.jp,九州１部 (https://www.notion.so/39d03918463c4ff4947f4507c8980c8f?pvs=21),川部 靖徳,59,19,12,6,22,http://www.tokai-kumamoto-fc.jp/%e9%81%b8%e6%89%8b%e6%83%85%e5%a0%b1-2/%e5%a4%a7%e5%ad%a6%e9%81%b8%e6%89%8b/1%e5%b9%b4/,,0,0,0,0,0,,,,学内人工芝,無,,,無,,可,,,
九州共立大学,,九州１部 (https://www.notion.so/39d03918463c4ff4947f4507c8980c8f?pvs=21),,0,,,,,,,0,0,0,0,0,,,,,,,,,,,,,
熊本学園大学,http://www.kumagaku.ac.jp/circle_sports/archives/17,九州１部 (https://www.notion.so/39d03918463c4ff4947f4507c8980c8f?pvs=21),東 賢太郎,62,,22,16,24,,,0,0,0,0,0,,,,,,,,,,,,,
宮崎産業経営大学,https://www.miyasankei-u.ac.jp/student/soccer/,九州１部 (https://www.notion.so/39d03918463c4ff4947f4507c8980c8f?pvs=21),笛 真人,48,12,12,12,12,,,0,1,0,0,0,,,,学内人工芝,有,3,,,,不可,,,
西南学院大学,https://seinan-univ-soccer.com/,九州１部 (https://www.notion.so/39d03918463c4ff4947f4507c8980c8f?pvs=21),纉木 智彦,0,,,,,,,0,0,0,0,0,,,,,,,,,,,,,
九州国際大学,https://kiusoccer.com/,九州１部 (https://www.notion.so/39d03918463c4ff4947f4507c8980c8f?pvs=21),籾井 徹司,61,,19,18,24,,,0,0,0,0,0,,,,,,,,,,,,,
日本経済大学,,九州１部 (https://www.notion.so/39d03918463c4ff4947f4507c8980c8f?pvs=21),久保山 雅彦 ,0,,,,,,,0,0,0,0,0,,,,,,,,,,,,,
宮崎大学,,九州２部 (https://www.notion.so/107526b1510280ae9258cc9803b609ab?pvs=21),,0,,,,,,,0,0,0,0,0,,,,,,,,,,,,,
長崎国際大学,https://niufootball.net/,九州２部 (https://www.notion.so/107526b1510280ae9258cc9803b609ab?pvs=21),,49,,5,21,23,,,0,0,0,0,0,,,,,,,,,,,,,
九州工業大学,,九州２部 (https://www.notion.so/107526b1510280ae9258cc9803b609ab?pvs=21),,0,,,,,,,0,0,0,0,0,,,,,,,,,,,,,
沖縄大学,https://sc.footballnavi.jp/okinawa_univ_sc/,九州２部 (https://www.notion.so/107526b1510280ae9258cc9803b609ab?pvs=21),備瀬 知貴,0,,,,,,,0,0,0,0,0,,,,,,,,,,,,,
長崎総合科学大学,,九州２部 (https://www.notion.so/107526b1510280ae9258cc9803b609ab?pvs=21),八戸 寿憲,0,,,,,,,0,0,0,0,0,,,,,,,,,,,,,
福岡教育大学,https://utef-fc.jimdofree.com/,九州２部 (https://www.notion.so/107526b1510280ae9258cc9803b609ab?pvs=21),,0,,,,,,,0,0,0,0,0,,,,,,,,,,,,,
九州大学,https://kyushuuniv-soccer.amebaownd.com/,九州２部 (https://www.notion.so/107526b1510280ae9258cc9803b609ab?pvs=21),学生監督,39,,10,10,19,,,0,0,0,0,0,,,,,,,,,,,,,
名桜大学,https://sc.footballnavi.jp/meiofc/,九州２部 (https://www.notion.so/107526b1510280ae9258cc9803b609ab?pvs=21),神谷 義人,22,,4,10,8,,,0,0,0,0,0,,,,,,,,,,,,,
西日本工業大学,,九州２部 (https://www.notion.so/107526b1510280ae9258cc9803b609ab?pvs=21),柄本 一輝,0,,,,,,,0,0,0,0,0,,,,,,,,,,,,,
九州医療科学大学,,九州２部 (https://www.notion.so/107526b1510280ae9258cc9803b609ab?pvs=21),,0,,,,,,,0,0,0,0,0,,,,,,,,,,,,,
沖縄国際大学,,九州２部 (https://www.notion.so/107526b1510280ae9258cc9803b609ab?pvs=21),,0,,,,,,,0,0,0,0,0,,,,,,,,,,,,,
佐賀大学,,九州２部 (https://www.notion.so/107526b1510280ae9258cc9803b609ab?pvs=21),,0,,,,,,,0,0,0,0,0,,,,,,,,,,,,,
新潟医療福祉大学,https://www.nuhw.ac.jp/sport/soccer/,北信越１部 (https://www.notion.so/39e6c9c7255345f49662fb076acfab43?pvs=21),佐熊 裕和,136,27,31,41,37,https://web.gekisaka.jp/news/university/detail/?400436-400436-fl,,4,3,2,8,7,リハビリテーション学部、健康科学部等,1,全寮制,アルビレッジにてトレーニング,有,,25,無,,不可,スポーツ推薦のみ / 練習参加で入試前に合格必要,,2022年インカレ準優勝の北信越の強豪。アルビレックス新潟と提携しアルビレッジ(アルビレックス新潟の施設)で活動をしている。監督は中村俊輔を高校時代に指導した佐熊氏。スタッフも元Jリーガーをはじめ大学指導経験豊富な人員が指導にあたる。社会人リーグやIリーグなど1・2年生から試合経験を積める環境が整っている。近年Jリーガーも多く輩出
北陸大学,https://footballnavi.jp/hokuriku/,北信越１部 (https://www.notion.so/39e6c9c7255345f49662fb076acfab43?pvs=21),西川 周吾,47,14,13,13,7,,,0,0,1,3,2,医療法県学部、経済経営学部等,2,全寮制,2面＋クラブハウスで充実,有,,25,無,,条件有,練習参加及び面接で入試前に合格必要,,顧問、監督ともに筑波大OBでS級保持者であり、プレーはもちろんながらサッカーに関わる業務について深く学べる環境を用意しており、深くサッカーに触れることができる。施設も人工芝２面にトレーニングルームやミーティングルームを完備したJクラブに匹敵した環境。指導者資格取得できたり指導を学ぶ上でも様々なチャレンジができる。
新潟経営大学,https://www.niigataum.ac.jp/guidance/circle/soccer/,北信越１部 (https://www.notion.so/39e6c9c7255345f49662fb076acfab43?pvs=21),杉山 学,84,15,20,19,30,https://www.niigataum.ac.jp/guidance/circle/soccer/member/,,0,1,0,3,2,経営情報学部等,1,なし,,有,,30,有,,不可,練習参加で入試前に合格必要,全国大会出場,近年、他大学の台頭により全国大会には絡めていないが、過去多くの全国大会へ出場歴を持つ。スカウティングに力を入れており、全国から多くの選手が集まっている。監督は長年、新潟経営大学で指導する赤松氏(東海大OB)。トレーニング施設も充実しており、スポーツ学部もあるため、スポーツについて深く学ぶことができる環境
松本大学,https://matsumoto-univ-soccer.com/,北信越１部 (https://www.notion.so/39e6c9c7255345f49662fb076acfab43?pvs=21),齊藤 茂,72,12,20,25,15,https://matsumoto-univ-soccer.com/player,,1,0,0,3,3,スポーツ健康学部、人間健康学部等,1,なし,,有,3,15,有,夏,不可,練習参加 or セレクションで入試前に合格必要,総合型選抜（指定競技）入試 ,松本山雅FCと提携し、コーチ派遣や練習参加など繋がりを強化している。選手の個性を重視したパスサッカーを展開。大学のサポートも手厚く、集中してサッカー、学業に取り組める環境が整っている。2022年には松本山雅と長野パルセイロに選手を輩出しており、地元クラブと密接な関係を築いている、入部についてはスポーツ推薦者のみで事前の練習参加やセレクションへの参加が必須。
信州大学,,北信越１部 (https://www.notion.so/39e6c9c7255345f49662fb076acfab43?pvs=21),,0,,,,,,,0,0,0,0,0,,,,,無,,,無,,,,,
金沢学院大学,https://kgu-football.studio.site/,北信越１部 (https://www.notion.so/39e6c9c7255345f49662fb076acfab43?pvs=21),太田 康介,89,14,29,22,24,,,0,0,0,1,4,,,,,有,,,,,,,,
金沢大学,https://www.ed.kanazawa-u.ac.jp/~masuda/kufc/,北信越１部 (https://www.notion.so/39e6c9c7255345f49662fb076acfab43?pvs=21),山本 信忠,56,9,13,26,8,,,0,0,0,0,0,,1,,学内人工芝,無,,,無,,,,,
新潟産業大学,https://sites.google.com/view/nsufootboll/,北信越１部 (https://www.notion.so/39e6c9c7255345f49662fb076acfab43?pvs=21),岡村 宜城,45,14,9,7,15,,https://web.gekisaka.jp/news/university/detail/?424848-424848-fl,0,0,0,0,2,,,,,有,,,,,,,,
上越教育大学,,北信越２部 (https://www.notion.so/107526b151028032a857f5b08b0fec87?pvs=21),,0,,,,,,,0,0,0,0,0,,,,,無,,,無,,,,,
福井県立大学,,北信越２部 (https://www.notion.so/107526b151028032a857f5b08b0fec87?pvs=21),,0,,,,,,,0,0,0,0,0,,,,,無,,,無,,,,,
福井大学,,北信越２部 (https://www.notion.so/107526b151028032a857f5b08b0fec87?pvs=21),,0,,,,,,,0,0,0,0,0,,,,,無,,,無,,,,,
金沢工業大学,,北信越２部 (https://www.notion.so/107526b151028032a857f5b08b0fec87?pvs=21),,0,,,,,,,0,0,0,0,0,,,,,無,,,無,,,,,
富山大学,,北信越２部 (https://www.notion.so/107526b151028032a857f5b08b0fec87?pvs=21),,0,,,,,,,0,0,0,0,0,,,,,無,,,無,,,,,
新潟大学,https://niigatauniv-footballclub.jimdofree.com/,北信越２部 (https://www.notion.so/107526b151028032a857f5b08b0fec87?pvs=21),,49,12,13,11,13,,,0,0,0,0,0,,,,,無,,,無,,,,,
福井工業大学,https://sc.footballnavi.jp/fut-soccer-ut/,北信越２部 (https://www.notion.so/107526b151028032a857f5b08b0fec87?pvs=21),原 美彦,31,10,6,5,10,,,0,0,0,0,0,,,,,有,,,,,,,,
金沢星稜大学,https://www.instagram.com/kanazawa_seiryo/,北信越２部 (https://www.notion.so/107526b151028032a857f5b08b0fec87?pvs=21),小松崎 保,0,,,,,,,0,0,1,2,1,,,,学内人工芝(星稜高校と共同),有,,,,,,,,
北海道教育大学岩見沢,https://gankyosoccer.com/,北海道１部 (https://www.notion.so/569477c2023647209eca15fde08618c1?pvs=21),安部 久貴,53,13,12,14,14,https://gankyosoccer.com/player/,,0,0,0,6,9,芸術・スポーツ文化学科,1,なし,,有,,5,無,,可,,,教員養成の名門大学。教育大学ということもあり文武両道を実践しながら全国大会の常連となっている。真面目な選手が多くひたむきにハードワークするサッカーをベースにして近年は全国大会でもベスト8に入るなど、躍進が目立つ。国立大学ということもあり、スポーツ推薦枠は少ないが教員を目指している選手は要チェックの大学。
札幌大学,https://www.sapporo-u.ac.jp/campuslife/circle/physical/soccer.html,北海道１部 (https://www.notion.so/569477c2023647209eca15fde08618c1?pvs=21),河端 和哉,83,16,20,22,25,http://www.sapporounivfc.jp/news/info/1363/,,1,2,3,11,7,経済学部、経営学部等,1,なし,,有,3.5,20,有,夏,不可,練習参加 or セレクションで入試前に合格必要,全国大会出場/都道府県大会ベスト8,2018年からOBであり元Jリーガーの河端氏を監督として招聘。全国大会の常連となっているが近年は勝ち上がれていない。力がある選手が多く、デンソーにも多数選手が候補として選出され、実際に出場している。「北海道のサッカー王国を札幌大学に作ろう」を合言葉に日本一を目指して活動している。
東海大学札幌校舎,https://www.footballnavi.jp/tokaisoccer_sp/,北海道１部 (https://www.notion.so/569477c2023647209eca15fde08618c1?pvs=21),菅野　学,58,10,10,17,21,https://www.footballnavi.jp/tokaisoccer_sp/member.php?nowpg=4,,0,0,0,2,2,国際文化学部、生物学部,1,,練習は学校グラウンド(土)や近隣施設を利用,,,,,,,,,
北海学園大学,https://www.hgu.jp/campuslife/circle/soccer.html,北海道１部 (https://www.notion.so/569477c2023647209eca15fde08618c1?pvs=21),伊藤  一志,0,,,,,,,0,0,0,0,0,経済学部、経営学部、法学部等,1,なし,グラウンドは学園の天然芝と公共施設の人工芝を利用,無,,,無,,可,,,2017年より学生だけでの活動に終止符を打ち、OBの協力を得ながらチーム体制の改革を行い、2019年には全国大会にも出場した。北海道1部残留を目指しながら活動している。https://www.instagram.com/hgu_soccer/
北海道大学,https://hokkaidouniv-football.com/,北海道１部 (https://www.notion.so/569477c2023647209eca15fde08618c1?pvs=21),学生監督,53,10,16,9,18,https://hokkaidouniv-football.com/member/#index_id38,,0,0,0,0,0,,1,なし,グラウンドは学内土,無,,,無,,可,,,
北翔大学,,北海道１部 (https://www.notion.so/569477c2023647209eca15fde08618c1?pvs=21),谷木 竜平,0,,,,,,,0,0,0,0,1,生涯スポーツ学部、教育文化学部,1,なし,グラウンドは学内土。トレーニング施設は充実,無,,,,,,,,
城西国際大学,https://www.jiu.ac.jp/campuslife/club/soccer/,千葉１部 (https://www.notion.so/cb308814e4db423b8762f544f416d9f3?pvs=21),福井　哲,86,17,22,23,24,https://www.jiu.ac.jp/campuslife/club/soccer/team.html,,0,1,1,0,0,総合経営学部,1,あり,学内人工芝,有,,20,有,夏,不可,入試前に練習参加必須,,監督は元日本サッカー協会技術委員やFC東京アカデミーアドバイザーを歴任した福井氏。コーチにはジェフで現役時代活躍した茶野氏をはじめ充実した体制を持っている。施設も充実しており入部する選手のレベルも高いことから今後、上位リーグに絡む可能性を秘めている大学
明海大学,http://meikai-sports.jp/football/,千葉１部 (https://www.notion.so/cb308814e4db423b8762f544f416d9f3?pvs=21),岩田 正太,86,21,12,25,28,http://meikai-sports.jp/football/member/,,0,0,0,0,0,外国語学等,1,なし,学内人工芝,有,,20,有,夏,不可,入試前に練習参加必須,特待は全国大会出場が必要,浦安という恵まれた立地の中で学内に人工芝グラウンドを保有している千葉で常に上位に入る大学。スタッフもGKコーチやトレーナーも常駐しておりスカウト活動も精力的に行っている。学部も不動産や旅行系など特色ある学部があることも特徴で特待制度も完備している。
江戸川大学,https://www.edogawa-u.ac.jp/zaigakusei/community/club/football/,千葉１部 (https://www.notion.so/cb308814e4db423b8762f544f416d9f3?pvs=21),鈴木 秀生,74,29,12,14,19,https://www.edogawa-u.ac.jp/zaigakusei/community/club/football/members.html,,0,0,0,0,0,社会学部等,2,なし,学外人工芝,有,,20,無,,不可,入試前に練習参加必須,,監督はS級を持つ鈴木氏。学内にグラウンド1面、学外に2面＋クラブハウスを保有する、施設が充実した大学。千葉県内でも上位争いをしている大学で、選手獲得も含め強化を図っている。少しやんちゃな選手が多い印象だが過去、社会人強豪チームへ進んだ選手も多数をおり、今後の動向に注目。
千葉大学,https://chiba-univ-fc.studio.site/,千葉１部 (https://www.notion.so/cb308814e4db423b8762f544f416d9f3?pvs=21),山本 一広,58,13,11,19,15,https://chiba-univ-fc.studio.site/member,,0,0,0,0,0,工学部、教育学部等,1,なし,学内人工芝,無,,,無,,可,誰でも入部可,,国立大学で学生主体で運営している大学。練習メニューやスケジュール調整も自分たちで行い、サッカーのレベルアップはもちろん、社会性も身に着けるべく活動をしている。学内に人工芝グラウンドもあり、文武両道で活動している。目標は1部上位進出。
千葉商科大学,https://www.cuc.ac.jp/campus/activity/club/list/soccer/index.html,千葉１部 (https://www.notion.so/cb308814e4db423b8762f544f416d9f3?pvs=21),松原 翼,45,14,7,8,16,,,0,0,0,0,0,商経学部、人間社会学部等,1,なし,学内人工芝,無,,,無,,条件有,誰でも入部可場合によっては人数制限の可能性あり,,近年、しっかりと活動をし1部定着を目指している。リクルーティングにも力を入れ始めている。県内だけではなく、県外からの入学者も多く、週5回のトレーニングや試合を通し、成長を図っている。入部人数が多い場合は絞る可能性もあることから興味がある選手は練習参加をおすすめする。
東邦大学,,千葉１部 (https://www.notion.so/cb308814e4db423b8762f544f416d9f3?pvs=21),,0,,,,,,,0,0,0,0,0,,,,,無,,,無,,,,,
東京理科大学,https://tus-footballclub.jimdofree.com/,千葉１部 (https://www.notion.so/cb308814e4db423b8762f544f416d9f3?pvs=21),,0,,,,,,,0,0,0,0,0,,,,,無,,,無,,,,,
淑徳大学,https://shukutokufc.com/,千葉１部 (https://www.notion.so/cb308814e4db423b8762f544f416d9f3?pvs=21),,0,,,,,,,0,0,0,0,0,,,,,無,,,無,,,,,
東京情報大学,http://www.edu.tuis.ac.jp/~soccer/,千葉２部 (https://www.notion.so/592b0e0f4c7f406d84a247430e9d4f35?pvs=21),,0,,,,,,,0,0,0,0,0,,,,,,,,無,,,,,
麗澤大学,,千葉２部 (https://www.notion.so/592b0e0f4c7f406d84a247430e9d4f35?pvs=21),,0,,,,,,,0,0,0,0,0,,,,,無,,,無,,,,,
千葉工業大学,,千葉２部 (https://www.notion.so/592b0e0f4c7f406d84a247430e9d4f35?pvs=21),,0,,,,,,,0,0,0,0,0,,,,,無,,,無,,,,,
神田外国語大学,,千葉２部 (https://www.notion.so/592b0e0f4c7f406d84a247430e9d4f35?pvs=21),,0,,,,,,,0,0,0,0,0,,,,,無,,,無,,,,,
帝京平成大学,https://www.thu.ac.jp/campuslife/club/men_football,千葉２部 (https://www.notion.so/592b0e0f4c7f406d84a247430e9d4f35?pvs=21),橋野 威,40,40,,,,,,0,0,0,0,0,,,,,無,,,無,,,,,
四国学院大学,https://www.footballnavi.jp/shikoku_gakuin/,四国１部 (https://www.notion.so/5fbce004c7074302a90f972b154fa10b?pvs=21),榮井 佑介,37,9,13,8,7,https://www.sg-u.ac.jp/campus_life/activities/club02/,,1,0,1,5,6,社会学部、文学部等,1,大学寮,,有,,,有,夏,可,面談経由でOKになれば入部可,条件なし,四国出身者を中心にチーム構成されており、四国から全国へをモットーに活動。ピッチ外での活動にも力を入れておりチームビルディング合宿や地域貢献活動も多数実施。サッカー選手としても人としても成長できる環境を目指している。総監督はFC東京の育成統括をしていた経験を持つ本吉氏
聖カタリナ大学,https://www.footballnavi.jp/catherine/,四国１部 (https://www.notion.so/5fbce004c7074302a90f972b154fa10b?pvs=21),渡部 誉也,38,14,7,10,7,,,0,0,0,0,5,,,,,有,,,,,,,,
愛媛大学,https://www.ehimeusoccer.com/,四国１部 (https://www.notion.so/5fbce004c7074302a90f972b154fa10b?pvs=21),石本 信親,25,7,8,8,2,,,0,0,0,0,0,,,,,無,,,,,,,,
松山大学,,四国１部 (https://www.notion.so/5fbce004c7074302a90f972b154fa10b?pvs=21),大西 貴,27,6,7,5,9,,,0,0,0,0,0,,,,,無,,,,,,,,
高知大学,https://kufcweb.wixsite.com/kufcwebsite,四国１部 (https://www.notion.so/5fbce004c7074302a90f972b154fa10b?pvs=21),宮武 敢司,107,25,29,25,28,,,0,0,0,0,2,,,,,無,,,無,,,,,
高松大学,https://www.takamatsu-u.ac.jp/life/extracurricular/club-soccer/,四国１部 (https://www.notion.so/5fbce004c7074302a90f972b154fa10b?pvs=21),吉田 明博,34,4,12,8,10,,,0,0,0,0,8,,,,,有,,,,,,,,
鳴門教育大学,,四国２部 (https://www.notion.so/107526b1510280a1812cdccdeaaca7a6?pvs=21),,0,,,,,,,0,0,0,0,0,,,,,無,,,,,,,,
徳島大学,,四国２部 (https://www.notion.so/107526b1510280a1812cdccdeaaca7a6?pvs=21),,0,,,,,,,0,0,0,0,0,,,,,無,,,,,,,,
香川大学,https://kagawaunivfc.wixsite.com/mysite/,四国２部 (https://www.notion.so/107526b1510280a1812cdccdeaaca7a6?pvs=21),澤 宜英,31,2,5,10,14,,,0,0,0,0,0,,,,,無,,,,,,,,
高知工科大学,,四国２部 (https://www.notion.so/107526b1510280a1812cdccdeaaca7a6?pvs=21),,0,,,,,,,0,0,0,0,0,,,,,無,,,,,,,,
成蹊大学,http://seikei-fc.com/,東京・神奈川１部 (https://www.notion.so/5cc1e3b2f1994cfa8535162e9423f040?pvs=21),宮下 尚麿,81,26,24,16,15,,,0,0,0,0,0,経済学部、法学部等,2,なし,学内人工芝,無,,,無,,可,誰でも入部可,スポーツ推薦はないが、現役生から推薦入試など対策サポートを受けられる,過去、関東リーグ在籍経験も持つチームであり、学生が主体となり活動をしている。強豪高出身者だけでなくそうでない選手も多いが意識が高く、本気で文武両道を目指したい選手にはおすすめ。OBとの関わりも強く、文武両道を掲げているため、就職実績もとてもよくしっかりした選手が多い印象。
朝鮮大学校,https://korea-u-fc.com/,東京・神奈川１部 (https://www.notion.so/5cc1e3b2f1994cfa8535162e9423f040?pvs=21),藤代 隆介,69,32,18,19,,,,0,1,1,0,0,体育学部、経営学部等,1,全寮制,学内人工芝,,,,無,,可,誰でも入部可,,朝鮮高級学校卒業もしくは見込みの者、または日本の高等学校を卒業もしくは見込みで朝鮮人の子孫であることが出願資格になる大学。過去は関東リーグにも所属した経験を持ち、ダイナミックでひたむきなプレースタイルを貫いている。大学は全寮制をとっている。
学習院大学,http://www.gfc-ob.jp/,東京・神奈川１部 (https://www.notion.so/5cc1e3b2f1994cfa8535162e9423f040?pvs=21),榎本 久志,58,15,17,12,14,,,0,0,0,0,0,法学部、経済学部等,1,なし,学内人工芝（サイズ少し小さい）,無,,,無,,可,誰でも入部可,,学生主体でチーム運営をしているチーム。学内に高校と併用で人工芝グランドを保有している。学校柄、まじめな選手が多く、真摯にサッカーに取り組んでいるイメージ。文武両道を目指しながらサッカーに取り組むにはとても良い環境
帝京大学,https://teikyo-univ-soccer.com/,東京・神奈川１部 (https://www.notion.so/5cc1e3b2f1994cfa8535162e9423f040?pvs=21),田村 仁崇,120,24,28,23,45,,,0,0,0,0,0,教育学部、経済学部等,1,なし,学内人工芝,無,,,有,入学後,条件有,入学後のセレクションで合格が必要,,元Jリーガーの監督を擁し、部員制限も行いながら強化を図っており、このリーグ内では関東リーグと近い形でリクルートを行っている。近年は1部リーグでなかなか上位に食い込めていないが、強豪校出身が多くオフザピッチの取り組みよりもよりオンザピッチに打ち込むタイプのチームである。
玉川大学,https://sc.footballnavi.jp/tamagawafootball/page.php?pno=363,東京・神奈川１部 (https://www.notion.so/5cc1e3b2f1994cfa8535162e9423f040?pvs=21),小杉 賢三,43,10,16,10,7,,,0,0,0,0,0,教育学部、経営学部等,1,なし,学内人工芝,無,,,無,,可,誰でも入部可,,町田ゼルビアと提携しており、監督が派遣されている。昨季は久々の1部復帰となったが、上位へ食い込むことができず、苦しいシーズンとなった。大学内にグラウンドをはじめ様々な施設を有しているおり環境は充実している。また教育学部があることから教員志望者は要チェック
大東文化大学,https://daitofc.jimdo.com/,東京・神奈川１部 (https://www.notion.so/5cc1e3b2f1994cfa8535162e9423f040?pvs=21),鈴木 宏尚,73,17,25,14,17,,,0,0,0,0,0,スポーツ・健康学部、経済学部等,1,なし,グラウンドは東松山,無,,,有,夏,不可,セレクションの合格及び、入試合格が必要,,埼玉県東松山に拠点を構えるチーム。スポーツ推薦はないものの、セレクション等で人数制限をかけていることから、関東リーグ所属大学に近い形式で選手募集を行っている。所属選手は強豪校出身者が多く昨年は2部リーグだったものの実力的には関東昇格に近い大学といえる。常勤スタッフが少ないことがネック
東京大学,https://todai-soccer.com/,東京・神奈川１部 (https://www.notion.so/5cc1e3b2f1994cfa8535162e9423f040?pvs=21),桑原 徹,61,17,12,14,18,,,0,0,0,0,0,医学部、教育学部、法学部等,2,なし,学内人工芝,無,,,無,,可,誰でも入部可,,チャンピオンズリーグ解説などでおなじみの林稜平さんが監督を務め、学生主体の部運営を行っている。プレー面だけではなくリクルートや広報、国際活動など様々な角度から運営ユニットを形成し、取り組みを進めている。まさしく文武両道を体現するチーム
武蔵大学,https://www.f-togakuren.com/teams/423,東京・神奈川１部 (https://www.notion.so/5cc1e3b2f1994cfa8535162e9423f040?pvs=21),眞田 翔太,44,6,11,13,14,,,0,0,0,0,0,経済学部、社会学部等,1,なし,学内人工芝,無,,,無,,可,誰でも入部可,,東京都内の好立地にキャンパス・グラウンドを構えるチーム。指定校などで全国の強豪校からの入部者が多く、レベルの高い選手が揃うが、近年は部員数もそこまで多くない状態で推移している。6年ぶりの1部リーグでどのような活躍ができるか注目。SNSの発信にも力を入れ始めており、要チェック。
日本大学文理学部,https://chonbo1975.wixsite.com/chonbo,東京・神奈川１部 (https://www.notion.so/5cc1e3b2f1994cfa8535162e9423f040?pvs=21),野口 哲雄,51,6,18,12,15,,,0,0,0,0,0,,0,なし,公共施設を利用,無,,,無,,可,誰でも入部可,,
東京理科大学,https://tus-footballclub.jimdofree.com/,東京・神奈川１部 (https://www.notion.so/5cc1e3b2f1994cfa8535162e9423f040?pvs=21),安形 直也,50,12,12,14,12,,,0,0,0,0,0,理学部、工学部、経営学部等,0,なし,公共施設を利用,無,,,無,,可,誰でも入部可,,フットボールに打ち込む環境を主体的に作り続けることを理念として掲げ、まさに学生主体で活動をしているチーム。一昨年には学生がスポンサーを獲得したりとオフザピッチで学べることも多い。その中で企業で働きながらサポートしてくれる社会人スタッフの支えもある。理科大学だが文系学部もある
横浜国立大学,https://ynufc.com/,東京・神奈川１部 (https://www.notion.so/5cc1e3b2f1994cfa8535162e9423f040?pvs=21),若色 史行（学生）,59,15,18,17,9,,,0,0,0,0,0,経済学部、経営学部等,1,なし,学内人工芝,無,,,無,,可,誰でも入部可,,神奈川県で常に上位へ食い込み、関東リーグ参入戦などにも出場歴がある。近年グラウンドが人工芝化され環境が整い始めている。国立大学ということもあり、実力ある選手が多く集まるわけではないが、学生同士で切磋琢磨しながら、オンザピッチ、オフザピッチ両面で成長できる環境となっている。
桜美林大学,https://www.obirin.ac.jp/sports/soccer/staff/,東京・神奈川１部 (https://www.notion.so/5cc1e3b2f1994cfa8535162e9423f040?pvs=21),村澤 扶路雄,43,,4,30,9,,,0,0,0,0,0,,,なし,,有,,,有,夏,可,誰でも入部可,,
上智大学,https://sophia-soccer.com/2021/,東京・神奈川２部 (https://www.notion.so/8db16d0670ff407ba155682fbe3321c0?pvs=21),森 海渡（学生）,51,13,12,13,13,,,0,0,0,0,0,外国語学部、法学部、理工学部等,1,なし,グラウンド土,無,,,無,,可,誰でも入部可,,THE学生主体を体現するチーム。サッカー面では関東昇格を掲げ、1部リーグを戦い、オフザピッチではサッカー教室の実施やウォーキングサッカー教室など学生が企画運営を行いながら地域との繋がりを増やしている。学内グラウンドは土なのがネックになるが公共施設を借りながら活動をしている。
一橋大学,https://fcikkyo.com/,東京・神奈川２部 (https://www.notion.so/8db16d0670ff407ba155682fbe3321c0?pvs=21),赤星 真一,64,15,17,18,14,,,0,0,0,0,0,,1,なし,学内人工芝,無,,,無,,可,誰でも入部可,,
成城大学,http://www.seijofootballclub.com/,東京・神奈川２部 (https://www.notion.so/8db16d0670ff407ba155682fbe3321c0?pvs=21),大跡 賢介,42,7,15,13,7,,,0,0,0,0,0,経済学部、経営学部等,1,なし,学内人工芝伊勢原にも施設あり,無,,,無,,可,誰でも入部可,,昨季、新チームの初陣となる東京カップ(天皇杯予選)で決勝まで勝ち上がる活躍を見せた。スポーツ推薦はないものの、サッカーが好きな選手があつまり、学内の人工芝グラウンドで活動している。目標だった1部のステージでどのような活躍ができるか要チェック
東京都立大学,https://tmu-soccer.jimdofree.com/,東京・神奈川２部 (https://www.notion.so/8db16d0670ff407ba155682fbe3321c0?pvs=21),石橋 理之,44,9,12,12,11,,,0,0,0,0,0,,,なし,,無,,,無,,可,誰でも入部可,,
東京工業大学,https://www.tokyotech-fc.org/,東京・神奈川２部 (https://www.notion.so/8db16d0670ff407ba155682fbe3321c0?pvs=21),室田 真男,38,5,8,11,14,,,0,0,0,0,0,,,なし,,無,,,無,,可,誰でも入部可,,
芝浦工業大学,https://shibaurasoccerofficial.com/,東京・神奈川２部 (https://www.notion.so/8db16d0670ff407ba155682fbe3321c0?pvs=21),石﨑 聡之,43,7,5,18,13,,,0,0,0,0,0,,,なし,,無,,,無,,可,誰でも入部可,,
日本大学生物資源科学部,https://college-of-bioresource-sciences-nihon-university-f.jimdosite.com/,東京・神奈川２部 (https://www.notion.so/8db16d0670ff407ba155682fbe3321c0?pvs=21),諏訪部 健,38,5,12,9,12,,,0,0,0,0,0,,,なし,,無,,,無,,可,誰でも入部可,,
創価大学,https://gakuyukai.soka.ac.jp/club/taiiku/clubs/c010.html,東京・神奈川２部 (https://www.notion.so/8db16d0670ff407ba155682fbe3321c0?pvs=21),伴 潔俊,30,11,6,8,5,,,0,0,0,0,0,,,なし,,無,,,無,,可,誰でも入部可,,
工学院大学,https://sites.google.com/view/kogakuinsoccer/,東京・神奈川２部 (https://www.notion.so/8db16d0670ff407ba155682fbe3321c0?pvs=21),徳永 正明,40,1,16,14,9,,,0,0,0,0,0,,,なし,,無,,,無,,可,誰でも入部可,,
神奈川工科大学,https://www.instagram.com/kaitfootball/,東京・神奈川２部 (https://www.notion.so/8db16d0670ff407ba155682fbe3321c0?pvs=21),齋藤 雄二郎,0,,,,,,,0,0,0,0,0,,,なし,,無,,,無,,可,誰でも入部可,,
東京外国語大学,https://tufsfchp.wixsite.com/home,東京・神奈川３部 (https://www.notion.so/191526b151028073aa6bf5fdf5c3ebb4?pvs=21),大崎 建,36,9,10,6,11,,,0,0,0,0,0,,1,なし,学内人工芝,無,,,無,,可,誰でも入部可,,
横浜市立大学,https://ycu-football.com/,東京・神奈川３部 (https://www.notion.so/191526b151028073aa6bf5fdf5c3ebb4?pvs=21),木下 郁雄,0,,,,,,,0,0,0,0,0,,,なし,,無,,,無,,可,誰でも入部可,,
武蔵野大学,https://www.instagram.com/musashino_soccer/?hl=ja,東京・神奈川３部 (https://www.notion.so/191526b151028073aa6bf5fdf5c3ebb4?pvs=21),諸岡 良徳,34,6,6,11,11,,,0,0,0,0,0,,,なし,,無,,,無,,可,誰でも入部可,,
国際基督教大学,https://icufc.com/,東京・神奈川３部 (https://www.notion.so/191526b151028073aa6bf5fdf5c3ebb4?pvs=21),有元 健,35,1,9,13,12,,,0,0,0,0,0,,,なし,,無,,,無,,可,誰でも入部可,,
日本文化大學,https://www.instagram.com/nihonbunka_soccer/,東京・神奈川３部 (https://www.notion.so/191526b151028073aa6bf5fdf5c3ebb4?pvs=21),新井 辰也,19,,8,10,1,,,0,0,0,0,0,,,なし,,有,,,無,,条件有,入試前に練習参加必須,,
防衛大学校,http://www.nda.ac.jp/ed/soccer/,東京・神奈川３部 (https://www.notion.so/191526b151028073aa6bf5fdf5c3ebb4?pvs=21),小圷 昭仁,0,,,,,,,0,0,0,0,0,,,大学寮,,無,,,無,,可,誰でも入部可,,
都留文科大学,https://www.instagram.com/tsuru_fc/,東京・神奈川３部 (https://www.notion.so/191526b151028073aa6bf5fdf5c3ebb4?pvs=21),堀 泰伸,30,7,8,8,7,,,0,0,0,0,0,,,なし,,無,,,無,,可,誰でも入部可,,
電気通信大学,http://www.dentsusoccer.club.uec.ac.jp/,東京・神奈川３部 (https://www.notion.so/191526b151028073aa6bf5fdf5c3ebb4?pvs=21),安藤 創一,29,4,4,10,11,,,0,0,0,0,0,,,なし,,無,,,無,,可,誰でも入部可,,
東京農工大学,https://redondoprincipe.wixsite.com/tuat-soccerclub,東京・神奈川３部 (https://www.notion.so/191526b151028073aa6bf5fdf5c3ebb4?pvs=21),宇佐美 慶人,30,0,8,5,17,,,0,0,0,0,0,,,なし,,無,,,無,,可,誰でも入部可,,
北里大学,https://www.instagram.com/kitasato_soccer/,東京・神奈川チャレンジ (https://www.notion.so/10b526b15102802a9dbcdc728766ad7e?pvs=21),関 将志,41,5,12,8,16,,,0,0,0,0,0,,,なし,,無,,,無,,可,誰でも入部可,,
東京薬科大学,@touyaku_tuff,東京・神奈川チャレンジ (https://www.notion.so/10b526b15102802a9dbcdc728766ad7e?pvs=21),学生のみ,28,,10,15,3,,,0,0,0,0,0,,,なし,,無,,,無,,可,誰でも入部可,,
明星大学,@meiseisoccer,東京・神奈川チャレンジ (https://www.notion.so/10b526b15102802a9dbcdc728766ad7e?pvs=21),矢吹 和宏,22,0,9,6,7,,,0,0,0,0,0,,,なし,,無,,,無,,可,誰でも入部可,,
和光大学,https://wakosoccoer.web.fc2.com/soccer.html,東京・神奈川チャレンジ (https://www.notion.so/10b526b15102802a9dbcdc728766ad7e?pvs=21),矢田 秀昭,0,,,,,,,0,0,0,0,0,,,なし,,無,,,無,,可,誰でも入部可,,
松蔭大学,https://www.footballnavi.jp/shoin/,東京・神奈川チャレンジ (https://www.notion.so/10b526b15102802a9dbcdc728766ad7e?pvs=21),植田 龍之介,21,7,2,8,4,,,0,0,0,0,0,,,なし,,有,,,無,,可,誰でも入部可,,
仙台大学,https://www.sendaidaigaku.jp/club.html?post=337,東北１部 (https://www.notion.so/14d13f4c03f0471c9a5650406ec1639d?pvs=21),吉井 秀邦(復帰),208,208,,,,,,1,5,2,11,11,体育学部等,1,なし,トレーニング施設充実,有,,15,無,,可,スポーツ推薦 or 入試前に練習参加が必要,全国大会出場,体育の教員免許が取れる。ウェイトトレーニングやコンディショニングを専属の教員がいるだけではなく、サッカー部専門のインストラクターが常駐しているため本人次第の意識次第でうまく使いこなせるかどうかが重要となる。ベガルタ仙台と提携しスタッフ派遣を受けていたり、練習参加や練習試合もよく行われている。東北随一のプロ選手輩出数を誇る体育大学。
富士大学,https://www.footballnavi.jp/fujiunivfc/,東北１部 (https://www.notion.so/14d13f4c03f0471c9a5650406ec1639d?pvs=21),鳴尾 直軌,79,28,24,27,,,,1,0,0,6,5,経済学部,1,なし,室内練習場あり,有,3,20,無,,不可,練習参加で入試前に合格必要,必ず練習参加が必須,充実した施設のもと、全カテゴリー全国大会出場を目指している東北の強豪大学。オフザピッチの取り組みにも力をいれており、多角的にサッカーと関わる機会が多い。スカウティングを強化しており関東の有力選手が進学するパターンも増えている。Jクラブで指導経験があるスタッフが加入し、よりレベルが高くなる可能性がありそう。いい環境でサッカーを続けたい選手は環境を一度見ることをオススメ。
東北福祉大学,https://www.tfu.ac.jp/club/soccer/12.html,東北１部 (https://www.notion.so/14d13f4c03f0471c9a5650406ec1639d?pvs=21),国井 精一,54,54,,,,,,0,0,0,0,0,,,,,,,,,,,,,
東日本国際大学,https://www.instagram.com/hiufc_official/,東北１部 (https://www.notion.so/14d13f4c03f0471c9a5650406ec1639d?pvs=21),高田 豊治,25,8,2,7,8,,,0,0,0,0,0,,,,,,,,,,,,,
東北大学,http://hyojosoccer.com/,東北１部 (https://www.notion.so/14d13f4c03f0471c9a5650406ec1639d?pvs=21),坂井 響,62,12,21,19,10,http://hyojosoccer.com/member/3%e5%b9%b4%e7%9b%ae/,,0,0,0,0,0,,,,,,,,,,,,,
ノースアジア大学,https://www.nau.ac.jp/nausc/,東北１部 (https://www.notion.so/14d13f4c03f0471c9a5650406ec1639d?pvs=21),山本 茂太,34,34,,,,,,0,0,0,1,1,,1,,,,,,,,,,,
東北学院大学,https://www.tgaa.jp/club/09/,東北１部 (https://www.notion.so/14d13f4c03f0471c9a5650406ec1639d?pvs=21),和泉 隼,38,9,9,8,12,,,0,0,0,1,0,,1,,,,,,,,,,,
八戸学院大学,https://hachigakufc.wixsite.com/1981,東北１部 (https://www.notion.so/14d13f4c03f0471c9a5650406ec1639d?pvs=21),岩本 寿生,75,17,16,20,22,https://hachigakufc.wixsite.com/1981/3%E5%B9%B4%E7%94%9F,,0,0,0,2,4,,1,,,,,,,,,,,
青森大学,https://www.aomori-u.ac.jp/club-activities/%E4%BD%93%E8%82%B2%E4%BC%9A/%E3%82%B5%E3%83%83%E3%82%AB%E3%83%BC%E9%83%A8/,東北２部 (https://www.notion.so/107526b151028013812ce488e9e14243?pvs=21),高谷 竜徳,15,5,2,1,7,,,0,0,0,1,0,,,なし,青森山田高校のグラウンドを使用,,,,,,,,,
盛岡大学,,東北２部 (https://www.notion.so/107526b151028013812ce488e9e14243?pvs=21),,16,4,3,4,5,,,0,0,0,0,0,,,,,,,,,,,,,
弘前大学全学部,https://www.instagram.com/hirodai__soccer/,東北２部 (https://www.notion.so/107526b151028013812ce488e9e14243?pvs=21),古村 健太郎,29,29,,,,,,0,0,0,0,0,,,,,,,,,,,,,
青森中央学院大学,https://www.aomoricgu.ac.jp/campuslife/group_activity/designated_clubactivities/soccer,東北２部 (https://www.notion.so/107526b151028013812ce488e9e14243?pvs=21),,20,20,,,,,,0,0,0,0,0,,,,,,,,,,,,,
秋田大学,https://www.instagram.com/akita.univ.soccer/,東北２部 (https://www.notion.so/107526b151028013812ce488e9e14243?pvs=21),赤坂 勇樹,27,4,3,10,10,,,0,0,0,0,0,,,,,,,,,,,,,
岩手大学,https://www.instagram.com/iwateuniv_football/,東北２部 (https://www.notion.so/107526b151028013812ce488e9e14243?pvs=21),鎌田 安久,32,32,,,,,,0,0,0,0,0,,,,,,,,,,,,,
静岡産業大学,https://www.ssu.ac.jp/club/football/,東海１部 (https://www.notion.so/c0397825d3974dc2995a732ae2c00741?pvs=21),成嶋 徹,189,40,36,51,62,,,0,0,0,2,2,経営学部、スポーツ科学部,2,大学寮,,有,3,,有,夏,可,スポーツ推薦 or 誰でも入部可,競技成績の指定なし / 特待あり,天然芝のグラウンドも有し、オンザピッチでの成長を徹底しているチーム。学力面では少し落ちるが、活力がありパワフルな選手が多く在籍している。近年は関東圏外からの選手も少しずつ増えてきており、東海内でも常に上位を争い全国大会出場の確率が高まってきている。
常葉大学,http://www.hm.tokoha-u.ac.jp/~tokohafc/,東海１部 (https://www.notion.so/c0397825d3974dc2995a732ae2c00741?pvs=21),古橋 達弥 (新任),90,14,36,16,24,,,1,5,0,2,3,健康プロデュース学部、経営学部等,1,なし,,有,3,,無,,可,練習参加 or セレクションで入試前に合格必要,全国大会出場など,ジュビロOBのレジェンド山西氏が監督を務める。面倒みがとてもよく、各選手との面談を行っていたり、OB企業の協力のもと、進路講習会や栄養講習会などを定期的に開催。学部も多く、トレーナーなども学部と連携し対応している。意識が高い選手が多く、クールなイメージ。TOPは天然芝で活動
中京大学,https://soccer.chukyo-sports.com/,東海１部 (https://www.notion.so/c0397825d3974dc2995a732ae2c00741?pvs=21),吉井 直人,206,41,57,51,57,,,3,4,5,10,7,スポーツ科学部,1,なし,,有,,15,無,,条件有,練習参加で入試前に合格必要,,東海の名門大学でTHE体育系。部員数も多く、メンバー争いも熾烈で実力主義で入替えも多数あるため、芯の強い選手におすすめしたい。(走りも多いとの情報)学生が主体となりオフザピッチの取り組む選手会という組織があり子供向けのイベントなども開催している。関東の大学に近いイメージのチーム。人工芝１面
東海学園大学,https://www.tokaigakuen-u.ac.jp/campus_life/club/detail.html?id=50,東海１部 (https://www.notion.so/c0397825d3974dc2995a732ae2c00741?pvs=21),安原 成泰,160,160,,,,,,3,3,2,4,5,経営学部等,1,あり,,有,,,無,,可,スポーツ推薦 or 誰でも入部可,アスリート入試,学校の中に寮とグラウンドを保有しているためサッカー漬けの生活を送れる。監督はJクラブでも指導経験を持ち、１代でこのチームを作り上げた。徹底的にボールを繋ぎどこからでも仕掛けて崩すスタイルを標ぼうし特色あるサッカーを展開。OBがコーチを務め、どのカテゴリーでもスタイルは不変。部の雰囲気は割と自由なイメージ。
名古屋経済大学,https://sc.footballnavi.jp/nagoya-ke/,東海１部 (https://www.notion.so/c0397825d3974dc2995a732ae2c00741?pvs=21),前田 拓也,79,14,7,22,36,,,0,0,0,0,0,,,,,有,,,,,,,,
愛知東邦大学,https://www.instagram.com/toho_soccer2002/,東海２部 (https://www.notion.so/107526b151028087825fcd73449ae5af?pvs=21),氏原 良二,57,8,16,13,20,,,0,0,0,0,0,,,,,有,,,,,,,,
日本福祉大学,https://www.n-fukushi.ac.jp/circle/soccer/,東海２部 (https://www.notion.so/107526b151028087825fcd73449ae5af?pvs=21),前田 仁崇,62,10,14,19,19,,,0,0,0,0,0,,,,,,,,,,,,,
四日市大学,https://www.footballnavi.jp/yokkaichi_soccer/,東海１部 (https://www.notion.so/c0397825d3974dc2995a732ae2c00741?pvs=21),桑原 和大,117,12,32,46,27,,,0,0,0,0,0,,,,,有,,30,無,,条件有,,,
中部大学,https://chubu-soccer.com/,東海１部 (https://www.notion.so/c0397825d3974dc2995a732ae2c00741?pvs=21),堀尾 郷介,62,10,14,19,19,,,0,0,1,0,2,,,,,有,,,無,,,,,
岐阜協立大学,https://www.gku-soccer.com/,東海１部 (https://www.notion.so/c0397825d3974dc2995a732ae2c00741?pvs=21),寺田 亮太,83,10,32,13,28,,,1,0,0,1,0,,,,,有,,,,,,,,
名古屋産業大学,https://www.footballnavi.jp/nsu/,東海１部 (https://www.notion.so/c0397825d3974dc2995a732ae2c00741?pvs=21),小崎 峰利,84,24,15,26,19,,,0,1,1,0,1,,,,,有,,,,,,,,
愛知学院大学,https://agufcjp.jimdoweb.com/,東海１部 (https://www.notion.so/c0397825d3974dc2995a732ae2c00741?pvs=21),三溝 隆一,89,29,17,21,22,,,0,0,0,1,0,,1,あり,寮は1人部屋でトレーニングルームも完備,有,,,有,入学後,条件有,,,
常葉大学静岡キャンパス,,東海２部 (https://www.notion.so/107526b151028087825fcd73449ae5af?pvs=21),,0,,,,,,,0,0,0,0,0,,,,,,,,,,,,,
名古屋商科大学,https://www.nucba.ac.jp/club/sports/soccer.html,東海２部 (https://www.notion.so/107526b151028087825fcd73449ae5af?pvs=21),野村 武,0,,,,,,,0,0,0,0,0,,,,,,,,,,,,,
愛知大学,,東海２部 (https://www.notion.so/107526b151028087825fcd73449ae5af?pvs=21),,0,,,,,,,0,0,0,0,0,,,,,,,,,,,,,
愛知教育大学,https://www.footballnavi.jp/aue_soccer/,東海２部 (https://www.notion.so/107526b151028087825fcd73449ae5af?pvs=21),江崎 亮介,23,6,6,5,6,,,0,0,0,0,0,,,,,,,,,,,,,
静岡大学,https://shizudai-soccer.com/,東海２部 (https://www.notion.so/107526b151028087825fcd73449ae5af?pvs=21),平嶋 祐輔,56,13,8,20,15,,,0,0,0,0,0,,,,,,,,,,,,,
名城大学,https://meijosoccerclub2009.web.fc2.com/22grade_plof.html,東海２部 (https://www.notion.so/107526b151028087825fcd73449ae5af?pvs=21),坂野 公一,37,,6,20,11,,,0,0,0,0,0,,,,,,,,,,,,,
名古屋大学,,東海２部 (https://www.notion.so/107526b151028087825fcd73449ae5af?pvs=21),津山 弘之,45,,11,11,23,,,0,0,0,0,0,,,,,,,,,,,,,
南山大学,,東海２部 (https://www.notion.so/107526b151028087825fcd73449ae5af?pvs=21),,0,,,,,,,0,0,0,0,0,,,,,,,,,,,,,
名古屋学院大学,https://www.ngu.jp/campuslife/club/competitive-sportsclubs/soccer/,東海１部 (https://www.notion.so/c0397825d3974dc2995a732ae2c00741?pvs=21),佐野 友昭,64,23,19,22,,,,0,1,0,0,0,,,,,有,,,,,,,,
岐阜聖徳学園大学,https://shotoku-soccer.com/,東海１部 (https://www.notion.so/c0397825d3974dc2995a732ae2c00741?pvs=21),難波 宏明,45,9,3,12,21,,,0,0,0,0,0,,,,,有,,,,,,,,
明治大学,http://meidaisoccer.jp/,関東１部 (https://www.notion.so/921803abde9944e799ea147b871358f0?pvs=21),池上 寿之(新任),56,14,13,15,14,https://www.jufa-kanto.jp/news.php?kn=3771,,6,6,7,8,6,商学部、政治経済学部、経営学部等,1,全寮制,2023年3月に新寮完成トレーニングルームなど完備,有,3,13,有,夏,不可,練習参加 or セレクションで入試前に合格必要・入部基準高,全国出場 / 代表歴 / プレミア / プリンスベスト4以上,2023年インカレ王者。2025年に監督・ヘッドコーチが変更になり、新たな体制での活動をスタートする。サッカーでの指導はもちろん、人としての指導に特に重きを置いている。少数精鋭でポジション争いが激しい。全寮制かつ早朝練習が基本ということもあり、自分の時間をどうコーディネートするかを突き詰め、心身共に鍛えている、クリーンな体育会の象徴。意識が高い選手がそろい成長するには最適な環境であることは間違いない。2023年3月に新寮が新設され最新鋭の施設が揃う。練習参加を経て、7月末のセレクションで次年度入部者が決定となるため、そこまでは確定できない
東京国際大学,https://www.tiu.ac.jp/sports/football/,関東１部 (https://www.notion.so/921803abde9944e799ea147b871358f0?pvs=21),前田 秀樹,414,102,103,119,90,,,6,1,6,2,0,人間社会学部、商学部、国際関係学部等,2,あり,施設充実,有,3,100,有,夏,不可,練習参加で合格できれば入部可(例年100名程度),,部員の多さが目を引くが、その中でも全チーム公式戦ができる状態を準備。(社会人、Ｉリーグなど) 指導者は元Ｊリーガーが多く、必ず各カテゴリーに帯同している。それもあり下のカテゴリーからの吸い上げられることも。監督はJ監督経験者でTOPチームはプロに近い雰囲気で活動している。ピッチ外の規則もそこまで厳しくない印象人工芝3面に加え、トレーニングルームやロッカーを完備したクラブハウスなど充実した施設は一見の価値あり。
筑波大学,https://www.tsukubashukyu.com/,関東１部 (https://www.notion.so/921803abde9944e799ea147b871358f0?pvs=21),小井土 正亮,188,48,31,58,51,"https://www.jufa-kanto.jp/news.php?kn=3775
",,3,3,7,10,7,"体育専門学群, 人文・文化学群, 人間学群,  理工学群, 情報学群, 医学群,等",1,なし,人工芝張替え済み,有,,5,無,,可,スポーツ推薦難(数枠/体育) / 入学できれば入部可,推薦＝国際大会(代表)、全国ベスト16以上,ピッチ内外で大学サッカーを牽引しているトップランナー。社会人は監督(助教/J指導経験有)のみでその他はサッカーを研究する大学院生が担当。指導や分析、イベント運営、スポンサー営業などオフザピッチでの活動も精力的で様々な角度からサッカー界に関わるOBが多い。一般入部生が多いが、真摯にサッカーに取り組む。選手はもちろんだが指導者やサッカーに関わる仕事がしたい選手は必ずチェックすべし。スポーツ推薦は日本のTOP5が利用するといっても過言ではない。
桐蔭横浜大学,http://soccer.toin.ac.jp/,関東１部 (https://www.notion.so/921803abde9944e799ea147b871358f0?pvs=21),安武 亨,81,20,21,17,23,"https://www.jufa-kanto.jp/news.php?kn=3773
",,13,2,7,5,4,スポーツ健康政策学部,1,なし,,有,,22,有,夏,不可,練習参加 or セレクションで入試前に合格必要(20名程度),セレクション参加必須 / マネージャー推薦あり,2022年冬の全国大会日本一を果たした、強豪大学。毎年レベルの高い選手が多く入部し、2022年は13名もの選手がJリーガーとなった。選手の自由な発想を大切にしており、厳しく縛り付けることも少ない印象。Bチームは関東社会人1部で戦うなど、レベルの高い試合経験を積むことができる。スポーツ健康政策学部では小学校教員免許をはじめ、中高体育教員免許も取得できる。またマネージャー推薦(学部指定)があるのも特徴的
国士館大学,https://www.footballnavi.jp/kokushikan-univ/,関東１部 (https://www.notion.so/921803abde9944e799ea147b871358f0?pvs=21),細田 三二,147,40,33,51,23,,,6,4,4,1,4,体育学部,2,あり,,有,3,13,有,夏,不可,,,Jリーガーをはじめ、多くの体育教員を輩出している体育系の名門大学。「相手よりも1歩でも多く、１歩でも早く」というチームスローガンがぴったり合う切替えが早く、強度が高いサッカーを展開。寮近くにグラウンドやトレーニングルームが有しており、サッカー漬けの毎日を送れる。合宿などは行っていないのも特徴的。練習の強度が高く激しく日々の練習が国士館大学の強さを支えている。
東洋大学,https://toyo-footballclub.jp/mens/,関東１部 (https://www.notion.so/921803abde9944e799ea147b871358f0?pvs=21),井上 卓也,63,14,14,18,17,https://www.jufa-kanto.jp/news.php?kn=3779,,7,3,7,5,3,国際観光学部,1,なし,夕補食提供(有料),有,3,15,無,,不可,練習参加で入試前に合格必要,指導者から大学スタッフへ連絡,少人数で鍛えている大学。寮制ではなく自由も多く、J指導経験やシンガポール年代別代表監督経験を持つ監督が指導にあたり洗練したサッカーを展開。技術的に高い選手が集まる印象。近年は関東2部上位以上はキープしており、自力のある大学。練習後の補食(有料)を提供していたりとサポートも手厚い。ユース出身選手が部員の半数以上を占めるのも大きな特徴。
流通経済大学,https://www.rku-fc.jp/,関東１部 (https://www.notion.so/921803abde9944e799ea147b871358f0?pvs=21),中野 雄二,269,67,63,74,65,,,3,0,5,7,2,スポーツ健康科学部,3,全寮制,施設面全国TOPクラス,有,,60,有,年数回開催,不可,練習参加 or セレクションで入試前に合格必要(60名程度),,THEプロ選手養成大学。200名の大所帯ながら全寮制で、熾烈な争いが待っている。人数も多く、意識高く鍛えている選手もいればメンタル的に腐りぎみの選手もおり、選手自身の意識の高さをどれくらい継続できるかが鍵になりそう。サッカーに懸ける、自分を律せて厳しい環境に身を置きたい選手はおすすめ。
中央大学,https://www.chuo-u.ac.jp/activities/club/sports/sports14/,関東１部 (https://www.notion.so/921803abde9944e799ea147b871358f0?pvs=21),宮沢 正史,99,25,28,22,24,https://www.jufa-kanto.jp/news.php?kn=3738,https://www.jufa-kanto.jp/news.php?kn=4085,3,5,5,2,4,経済学部、商学部等,1,あり,,有,3,10,無,,条件有,スポーツ推薦10枠程度＋一般推薦 / 入試前の練習参加で合格必要,全国大会出場 / それ同等の成績,部運営自体は厳しく縛るスタイルではなく比較的選手の自主性に任されており、どのカテゴリーもチーム全体で応援をするなど、一体感がある。総監督は長年大学サッカー界にいることからJクラブとのパイプも強く、監督はFC東京で活躍した宮沢氏がFC東京から派遣で担当している。攻撃的なスタイルが魅力。地域との繋がりも大切にしており、子供達にサッカーのおもしろさを伝える『青空たいそう』などを実施している。
日本大学,https://www.nu-soccer.com/,関東１部 (https://www.notion.so/921803abde9944e799ea147b871358f0?pvs=21),川津 博一,77,20,17,20,20,https://www.jufa-kanto.jp/news.php?kn=3762,,1,1,3,3,2,法学部、文理学部、経済学部、スポーツ科学部等,1,全寮制,施設充実,有,3,10,有,夏,不可,練習参加 or トライアウトで入試前に合格必要,都道府県ベスト4以上、都道府県選抜歴 他,2023年に18年ぶりに関東1部に復帰。グラウンドやトレーニング施設が同敷地内にあり、トレーニングに集中できる超充実した環境が用意。徒歩圏内で移動できるとてもきれい寮も構えている。入部に際してはプレーレベルはもちろん、人間性をとても重要視しており、オフザピッチの規則も厳しく設定されている。主体的に取り組める選手が集まっている。
東海大学,https://tokaiunivfc.jimdofree.com/,関東１部 (https://www.notion.so/921803abde9944e799ea147b871358f0?pvs=21),今川 正浩,104,27,23,22,32,https://www.jufa-kanto.jp/news.php?kn=3778,,1,0,1,1,2,体育学部、工学部、政治経済学部等,1,あり,,有,3,20,無,,条件有,練習参加 or セレクションで入試前に合格必要(20名程度),,入れ替え戦を制し関東1部に昇格。寮も完備し、日本最大規模のトレーニング施設も充実しており最先端の設備が揃う。堅守速攻を標ぼうし、フィジカルを活かしたプレス強度の高いサッカーを展開している。
日本体育大学,http://www.nittaidai-fc.com/,関東１部 (https://www.notion.so/921803abde9944e799ea147b871358f0?pvs=21),矢野 晴之介,205,48,46,68,43,,,3,0,3,1,1,体育学部,1,あり,,有,3,30,無,,条件有,練習参加で入試前に合格必要 / 入学後セレクション,全国大会出場以上,専属のスカウトを配置しスカウティングも強化。これまで1面で300名程度の部員数で活動していたが、人数を絞りはじめていることから改善の見込み。サッカー以外でもトップアスリートが多く刺激をもらえることも。コーチングの授業もあるので教員や指導者志望にはおすすめ。教員や指導者のOBネットワークは強固で広く、指導者も視野に入れる選手は一考すべき。
慶應義塾大学,http://keio-soccer.com/,関東１部 (https://www.notion.so/921803abde9944e799ea147b871358f0?pvs=21),中町 公佑,110,21,28,25,36,,,0,0,1,1,1,環境情報学部、商学部、総合政策学部等,1,大学寮,,無,,,無,,条件有,入学後にランテストあり,AO入試の難易度も高い現役生によるサポートも行っている,2024年関東2部昇格。関東の超名門大学。学力・成績で入学ができないと入部は難しく、カテゴリーによって多少のレベル差がある。学生主体で部運営をしており、分析やイベント、チームマネジメントなどすべて学生が担っており、意識が高い学生が揃う。監督はOBが担当し、伝統を継承している
関東学院大学,https://kgufootballclub.com/,関東２部 (https://www.notion.so/8dd308de341340b1bda48ee99560ed37?pvs=21),奈良 安剛,83,24,26,18,15,https://www.jufa-kanto.jp/news.php?kn=3739,https://www.jufa-kanto.jp/news.php?kn=4081,3,5,3,1,0,経済学部、経営学部、人間共生学部等,1,なし,,有,3,15,有,夏,条件有,練習参加 or セレクションで入試前に合格必要(25名程度),,2024年関東1部昇格。横浜Fマリノスと提携しており、マリノスの育成で指導していた監督やコーチが出向で担当している。またエリートリーグや練習参加なども行われており、過去2名が入団している。それ以外にもこの8年で関東2部ながら20名弱のJリーガーを輩出している。これほどJ1クラブと密接に関係しているチームはないのでは。満を持して関東1部へ挑戦する。
法政大学,https://hoseifc.com/,関東２部 (https://www.notion.so/8dd308de341340b1bda48ee99560ed37?pvs=21),,59,15,15,15,14,https://www.jufa-kanto.jp/news.php?kn=3748,https://www.jufa-kanto.jp/news.php?kn=4082,9,7,6,3,5,現代福祉学部、社会学部、経済学部等,1,全寮制,2021年人工芝張替え,有,3,13,有,夏,不可,練習参加 or セレクションで入試前に合格必要・入部基準高,,全寮制をしき、選手としっかり向き合うために少人数で活動している。寮でも規則がしっかりしており人としての成長も望める。専属のスカウトがおり、個性ある選手をピックアップし卒業後にプロを輩出するのではなく、プロで活躍する選手育成を目指している。学年の垣根を越えてみんな仲が良いのが特徴としてあげられる。2024年は関東2部での戦いになるが、間違いなく、関東TOPレベルの選手が集まる。
順天堂大学,http://juntendo-football.com/,関東２部 (https://www.notion.so/8dd308de341340b1bda48ee99560ed37?pvs=21),日比 威,162,54,49,48,11,https://www.jufa-kanto.jp/news.php?kn=3788,,5,0,3,1,3,スポーツ健康科学部,1,全寮制,学部により1年次全寮,有,3,14,無,,可,スポーツ推薦難 / 入学できれば入部可(今後制限の可能性あり),全国大会出場 / それ同等の成績,2024年に新監督として帝京高校で指導をしていたレジェンドOBである日比監督が就任。体制も一新し新たな船出となる。多くのJリーガーや教員を輩出している伝統校。これまでは常勤スタッフが少なかったが、全カテゴリーしっかり指導をしていた。TOPチームのレベルが高く年代別代表経験者など有力者を抱えている。監督が代わり、新チームがどうなっていくかは2024年の動向を注視していくべき。
早稲田大学,https://www.waseda-afc.jp/,関東２部 (https://www.notion.so/8dd308de341340b1bda48ee99560ed37?pvs=21),兵藤　慎剛,93,24,17,24,28,https://www.jufa-kanto.jp/news.php?kn=3761,,7,4,2,1,4,スポーツ科学部、教育学部等,1,あり,,無,3.5,,有,入学後,条件有,総合型入試 or 一般入試 / 入部テストあり ＝ スポーツ推薦なし,推薦を含めた入試の合格が必要,日本を代表する名門校。大学入学後に入部までにランテストとしっかり取り組めるかを判断する仮入部期間がありそれを超えないと練習生のまま。サッカー以外でも選手が主体となり様々な活動をしており、意識も高いことから人としての成長できる環境。スポーツ推薦は数名分存在するものの、各部との兼ね合いなどもあり、合格は確約されておらず、普通に落ちることもある。実績面や面接・小論文によって決まる。そこに挑むまでのサポートは大学サッカー部がでもしている。
立正大学,https://www.ris.ac.jp/sports/soccer/,関東２部 (https://www.notion.so/8dd308de341340b1bda48ee99560ed37?pvs=21),杉田 守,69,18,17,18,16,https://www.jufa-kanto.jp/news.php?kn=3780,,6,4,7,1,1,地球環境科学部,1,全寮制,大学内に寮あり,有,3,15,無,,不可,練習参加 or セレクションで入試前に合格必要(15名程度),,全寮制で都心から少し離れた大学敷地内(東松山/埼玉)にすべてが揃い、規則面もしっかり設定されているためまさしくサッカーに打ち込める環境。少人数ながらスタッフも充実している。監督はマネジメント中心でサッカー面はヘッドコーチが担当している。
神奈川大学,https://football.ku-sports.jp/,関東２部 (https://www.notion.so/8dd308de341340b1bda48ee99560ed37?pvs=21),大森 酉三郎,59,14,16,15,14,https://www.jufa-kanto.jp/news.php?kn=3737,https://www.jufa-kanto.jp/news.php?kn=4083,2,0,0,0,0,人間科学部、経営学部等,1,全寮制,,有,,15,有,入学後,条件有,入試前にセレクション or 練習参加必須,スポーツ重点強化部入試のみ,2024年関東2部昇格。オフザピッチの取り組みで近年注目されている大学。全寮制で過疎化している団地を借り上げていたり、農作業を行ったりと特色ある活動を行っている。少人数で活動しており、スタッフの対応を手厚く人間教育にとても熱心。入学後のセレクションはあるものの、入部許可者がいない場合が多く、基本はスポーツ推薦の選手を中心に構成されている。
拓殖大学　,https://www.footballnavi.jp/takushoku-univ/,関東２部 (https://www.notion.so/8dd308de341340b1bda48ee99560ed37?pvs=21),玉井 朗,328,69,75,94,90,"https://www.jufa-kanto.jp/news.php?kn=3754
",,4,4,0,0,0,政治経済学部、商学部等,2,なし,,有,3,10,有,夏,可,スポーツ推薦10枠程度 / 入学できれば入部可,都道府県⼤会ベスト８以上,2024年関東2部降格。関東上位校では珍しい、誰でも入部できるチーム。そのため近年部員数が増加している。またスタイルもはっきりしており、パスを丁寧に繋ぎ崩すことを徹底。比較的自由なスタイルで純粋にサッカーが好きな選手が多い印象。その反面、部員数増加に伴い、下のカテゴリーは学生コーチが担当することもあるとか。他に比べるとレベルが高いのに入部しやすいが、自分をしっかり持っていないと埋もれてしまうリスクも一考すべき。
産業能率大学,https://www.sanno.ac.jp/undergraduate/campuslife/club/soccer/,関東２部 (https://www.notion.so/8dd308de341340b1bda48ee99560ed37?pvs=21),小湊 隆延,115,27,26,30,32,https://www.jufa-kanto.jp/news.php?kn=3763,https://www.jufa-kanto.jp/news.php?kn=4092,3,0,2,1,0,情報マネジメント学部,1,あり,,有,3,30,有,夏,不可,練習参加 or セレクションで入試前に合格必要,情報マネジメント学部のみ,湘南ベルマーレと提携しており数名のスタッフが出向している。各カテゴリーに担当コーチがついておりしっかり対応している。また大学の就職サポートが手厚く、高い就職率を誇っている。関東2部に定着しており、プロ選手もほぼ毎年輩出している。
山梨学院大学,https://www.ygu.ac.jp/sports/soccer/,関東２部 (https://www.notion.so/8dd308de341340b1bda48ee99560ed37?pvs=21),岩渕 弘幹,192,29,48,56,59,https://www.jufa-kanto.jp/news.php?kn=3751,https://www.jufa-kanto.jp/news.php?kn=4089,3,2,1,1,1,スポーツ科学部,1,なし,施設充実,有,,30,有,夏,不可,練習参加 or セレクションで入試前に合格必要(30名程度),,2023年関東2部昇格。スタッフが一新されて数年で総理大臣杯出場、関東リーグ昇格を成し遂げた。専修大学の関東リーグ4連覇の際、ヘッドコーチとして指導していた岩渕監督をはじめ経験豊富なスタッフが選手と向き合いながら日々活動している。トレーニング施設やグラウンドなどの施設面も充実している。近年プロ選手の輩出もよく聞く様になり、今後の躍進が期待されるチーム。2023年は関東2部3位となり、1部との入れ替え戦まで進出した。
國學院大學,https://www.kokugakuin-fc.com/,関東２部 (https://www.notion.so/8dd308de341340b1bda48ee99560ed37?pvs=21),白須 真介,94,33,28,26,7,https://www.jufa-kanto.jp/news.php?kn=3755,,0,0,0,0,0,経済学部、文学部等,1,なし,,有,3,8,有,夏,条件有,スポーツ推薦(8枠程度) / 入学後に練習参加 or セレクションあり,,2023年関東3部昇格。攻撃＝プレッシングを標ぼうする強度の高いサッカーを目指す。学生主体で様々な地域活動やSNSの発信強化も実施大学的にも人気が高く、スポーツ推薦の倍率はかなり高くなっている。練習参加からの入部とセレクションからの入部のパターンがあるが、セレクションまでに早期に練習参加をすることをおススメする。
東京農業大学,https://tuafc.cs-park.jp/,関東２部 (https://www.notion.so/8dd308de341340b1bda48ee99560ed37?pvs=21),児玉 宗土,81,19,11,20,31,https://www.jufa-kanto.jp/news.php?kn=3774,,0,0,1,0,0,農学部、地球環境科学部等,1,なし,,有,3.2,7,有,夏,条件有,練習参加 or セレクションで入試前に合格必要(15名程度),,2023年関東3部昇格。Iリーグや社会人リーグにも所属し、試合機会が多いのが特徴。世田谷キャンパスにグラウンドがあり（小田急線千歳船橋駅）都内中心地にグラウンドを持つ稀有な学校。スポーツ推薦枠に限りがあるが、平均評定3.6以上あれば一般推薦入試でも可能性が出てくる
城西大学,https://josaifc.jp/,関東３部 (https://www.notion.so/475a7cac590f4eb391c783f1e48a01e7?pvs=21),東海林 毅,107,26,26,26,29,https://www.jufa-kanto.jp/news.php?kn=3769,https://www.jufa-kanto.jp/news.php?kn=4086,0,0,1,0,0,現代政策学部、経営学部等,2,なし,近年、新グラウンド完成,有,3,25,有,夏,不可,練習参加 or セレクションで入試前に合格必要,,2024年関東2部昇格。数年前に立正大学でヘッドコーチを務めた東海林監督が就任し少しずつ変革を行っている。新たにグラウンド2面やクラブハウスが新設され、整った環境の中でハードワークするチームづくりを慣行中。選手獲得の際は人間性も重視している。
立教大学,https://rikkyo-soccer.com/,関東３部 (https://www.notion.so/475a7cac590f4eb391c783f1e48a01e7?pvs=21),飛田 晃典,157,35,36,37,49,https://www.jufa-kanto.jp/news.php?kn=3790,https://www.jufa-kanto.jp/news.php?kn=4087,0,1,3,0,0,経営学部、法学部、現代心理学部等,1,なし,埼玉県富士見にスポーツ施設を保有。クラブハウスおよび人工芝,有,3.5,,無,,可,入学後に練習参加可 / アスリート入試あるがサッカー部確定枠がない,アスリート入試 3.5以上 全国ベスト16以上,2024年関東3部に降格。埼玉県富士見市に広大なクラブハウスやグラウンドなどを有している。関東リーグでは珍しい誰でも入部できるチーム。2024年からOBで現役時代から学生コーチとして指導にあたる若手の飛田氏監督に就任。チームの一体感を大切にしながら活動している。総監督はFC東京でヘッドコーチやユース監督を務めていた、倉又氏。スポーツ推薦はあるものの、実績面でも全国ベスト4クラスの成績が必要になる。またAO入試で入学する際も平気評定3.5および各都道府県ベスト8以上、英検準2級以上など出願条件があるので注意。(あくまでも出願条件のため、よりよい学校成績と全国ベスト16以上程度の実績は必要になりそう)
明治学院大学,https://mgufc.jp/,関東３部 (https://www.notion.so/475a7cac590f4eb391c783f1e48a01e7?pvs=21),古賀 聡,105,31,18,26,30,https://www.jufa-kanto.jp/news.php?kn=3809,,0,0,0,0,0,文学部、経済学部等,1,なし,,無,,,有,入学後,条件有,入試前の練習参加 / 入学後セレクションあり,,2023年関東3部降格。スポーツ推薦がなく、指定校や総合選抜入試等での入学が必要になる。グラウンドが他部併用で人工芝1面とキャンパスから離れたところにある土のグラウンドを活用しながら活動している。(戸塚周辺)これまでは誰でも入部できたが、近年は入学後にセレクションを実施し人数を絞り始めている。監督は今年から早稲田大学で長年監督を務め、名古屋グランパスU-18で監督をしていた古賀氏が就任
国際武道大学,https://ibu-fc.localinfo.jp/,関東３部 (https://www.notion.so/475a7cac590f4eb391c783f1e48a01e7?pvs=21),髙安 亮介,148,42,37,44,25,,,0,0,0,0,0,体育学部等,1,なし,学内人工芝,有,,40,無,,可,スポーツ推薦の場合入試前に練習参加必須,特待についてはスタッフが決定する,2024年関東3部昇格。千葉のはずれにある体育大学。トレーナー養成にも力をいれており、学生スタッフも多くかかわる。監督は市船OBで武大出身。学生と近い目線で、熱く指導している。真面目な選手が多く、一人暮らしをしながら集中して体育を学びたい選手にはおすすめ。(特待あり)
青山学院大学,https://www.footballnavi.jp/aogaku-soccer/,関東３部 (https://www.notion.so/475a7cac590f4eb391c783f1e48a01e7?pvs=21),清水 厚,91,27,24,23,17,https://www.jufa-kanto.jp/news.php?kn=3789,,0,0,0,0,0,"総合文化政策学部、教育人間科学部、経営学部等 ",1,なし,,有,3.5,5,無,,可,練習参加で入試前に合格必要,全国大会ベスト8 / 都道府県大会準優勝以上,2024年関東3部降格。相模原で活動しており、グラウンドにはトレーニングルームなど施設面充実している。技術的に高い選手が多く、ボールを大切にするサッカーを展開している。朝練が基本で夕方以降の時間を自由に使うことができる。ピッチ内外ともに厳しく縛られるイメージはなく、選手に自由が与えれている印象。卒業生では海外でプレーする選手もおり、毎年数名はサッカーを続ける。
亜細亜大学,https://www.asia-u.ac.jp/sports/athletics/soccer/,関東３部 (https://www.notion.so/475a7cac590f4eb391c783f1e48a01e7?pvs=21),小島 徹,82,9,14,25,34,https://www.jufa-kanto.jp/news.php?kn=3770,,0,0,0,0,0,経営学部、経済学部、法学部等,1,あり,,有,2.7,10,無,,不可,練習参加で入試前に合格必要(10名程度),,2024年関東3部降格。少人数で活動しているため、1年生でも試合に絡むチャンスがある。縦に早くサッカーを展開するのが特徴。2022年に練習場がある日の出キャンパス内にトレーニングセンターが新設され、鍛える環境がさらに整っている。
作新学院大学,https://www.footballnavi.jp/sakushin-gakuin/news_list.php,関東３部 (https://www.notion.so/475a7cac590f4eb391c783f1e48a01e7?pvs=21),横濱 誠,113,19,28,34,32,,,1,0,0,0,0,経営学部、人間文化学部等,1,なし,,有,,30,無,,不可,練習参加で入試前に合格必要(30名程度),特待あり,2024年関東3部降格。近年スカウティングにも力をいれており、能力の高い選手が増えており攻撃的なサッカーを展開いわきFCへレンタル移籍を行った実績があったり、卒業後社会人でプレーを継続する選手も増えている。スポーツ系の学部がある
中央学院大学,https://www.cgu.ac.jp/cgu-sc/sports/soccer/,関東３部 (https://www.notion.so/475a7cac590f4eb391c783f1e48a01e7?pvs=21),西 孝幸,149,27,36,33,53,,,1,0,0,0,0,商学部、法学部,1,なし,,有,,30,有,夏,不可,入試前に練習参加必須,特待あり,2023年関東3部昇格。監督は関西大学OBで人間力も重視。近年企業との協力でコンディショニングやフィジカル強化にも力を入れている。附属高校のドリブルや個人技術を高めるスタイルのイメージが強いが、大学はそちらに重きをおいているわけではない。
専修大学,http://senshu-fc.com/,関東３部 (https://www.notion.so/475a7cac590f4eb391c783f1e48a01e7?pvs=21),東 大樹,114,27,35,27,25,http://senshu-fc.com/player/,,3,2,3,0,0,経済学部等,1,なし,,有,3.2,11,有,,条件有,スポーツ推薦あり / 入学後に練習参加 or セレクションあり,二日間の練習参加で判断,2023年関東3部昇格。過去、関東4連覇を成し遂げたこともある強豪大学。基本朝練で攻撃的なサッカーを展開している。Jリーガーも多く輩出している。指導面は今シーズンから市船OBで市船でも指導をしていた佐藤陽彦氏が就任。県リーグ所属ながら3名のJリーガーを輩出したレベルが高い大学
東京経済大学,https://tku-fc.wixsite.com/tokyokeizaifootball,関東３部 (https://www.notion.so/475a7cac590f4eb391c783f1e48a01e7?pvs=21),池田 裕之,112,10,28,34,40,,,0,0,0,0,0,経済学部、経営学部等,1,なし,,有,3,5,有,夏,可,スポーツ推薦5枠程度 / 入学できれば入部可,全国大会出場 / 都道府県ベスト4以上,2023年関東3部昇格。攻撃的サッカーを標ぼうし、近年力を付けている大学。スポーツ推薦の枠は少ないが、入学できれば入部可能寮がなく、規律が厳しいイメージはあまりなく、指導者も少ないことから主体的に動ける選手におすすめしたい
共栄大学,https://sc.footballnavi.jp/kyoei-fc/,関東３部 (https://www.notion.so/475a7cac590f4eb391c783f1e48a01e7?pvs=21),小野  浩二,109,15,23,40,31,,,0,0,0,0,0,国際経営学部,1,なし,,有,,30,有,夏,不可,練習参加で入試前に合格必要(30名程度),特待あり,2023年関東3部昇格。近年選手集めにも力を入れており力をつけている。サッカー部としてジュニアスクールやJYを立ち上げておりそこの指導や運営に携わることも可能になっているため、プレーに限らず、マネジメントや指導も経験できる。2023年は関東3部で苦しんだ末になんとか残留。夏より明治大学でも指導をしていた小野氏がTOPチーム指導にあたる。
関西学院大学,https://kgusoccer.com/,関西１部 (https://www.notion.so/b07a968360ae46cfb5e931799ee3931e?pvs=21),早﨑 義晃,116,38,36,22,20,https://web.gekisaka.jp/news/university/detail/?404337-404337-fl,,5,5,0,2,4,人間福祉学部、法学部、社会学部等,1,なし,,有,3.3,8,無,,条件有,スポーツ推薦(10枠程度) or 入学後コンディションチェックあり,全国出場 / 都道府県大会ベスト8以上,関西の超名門校。選手の自主性を重んじ、学生主体を体現。ピッチ内外での意識は相当高く、日本一も目指して活動をしている。スタッフが多いわけではないが、学生スタッフも含めて、高い志を持って活動している。意識が高い中で成長したい選手にはうってつけの環境。コンダクターという「選手の中から毎年1人必ず主務を選ぶ（選手兼任は不可）」という取り組みがあり、仲間や環境に感謝の気持ちを口にする選手が多い
阪南大学,https://www.hannan-u.ac.jp/club/st9plj00000010yt.html,関西１部 (https://www.notion.so/b07a968360ae46cfb5e931799ee3931e?pvs=21),朴 成基,204,36,35,64,69,https://web.gekisaka.jp/news/university/detail/?406894-406894-fl,,2,1,2,1,3,経済学部等,2.5,全寮制,,有,,35,無,,可,スポーツ推薦 or 入学後セレクションあり,都道府県大会ベスト4以上,関西の強豪校。やんちゃ選手が多いが、テクニックが抜群に優れた選手が多く、テクニカルな攻撃的サッカーを目指す。グラウンド敷地内にクラブハウスも併設され、トレーニング施設も完備。6カテゴリーに分かれ活動しており、Jリーガーも毎年多く輩出している。現在はスカウティングに力をいれるよりも、阪南でサッカーをやりたいという選手の受入れに力をいれている
関西大学,https://kufc1921football.com/index.html,関西１部 (https://www.notion.so/b07a968360ae46cfb5e931799ee3931e?pvs=21),前田 雅文,157,40,43,42,32,https://web.gekisaka.jp/news/university/detail/?404352-404352-fl,,2,5,2,4,3,政策創造学部、社会学部等,2,なし,,有,3.4,8,無,,条件有,スポーツ推薦 or 入学後セレクションあり,全国大会出場 / 都道府県大会ベスト4以上,関西の超名門校。100年以上の歴史を持ち、200名の大所帯ながら一致団結して闘う全員サッカーを標ぼうするクラブであり、規律もしっかりしている。サッカースクールを運営していたりとオフザピッチでの活動も活発。試合の際の応援の凄さはチームの一体感を如実に表している。監督は元Jリーガー
大阪体育大学,https://www.ouhs.jp/ouhs-athletics/menssoccer/,関西１部 (https://www.notion.so/b07a968360ae46cfb5e931799ee3931e?pvs=21),松尾 元太,230,230,,,,https://web.gekisaka.jp/news/university/detail/?404334-404334-fl,,2,2,3,4,1,体育学部、教育学部,1,あり,定員あり,有,3,11,無,,条件有,スポーツ推薦 or 入学後セレクションあり,全国大会など / 受験前に事前面談必要,関西の超名門校。体育教員を多く輩出している体育大学。プレーはもちろん、指導法を学ぶ機会も充実しており、指導者や教員を目指す選手にはうってつけの環境。伝統として守備を重んじており、身体操作などにもフォーカス。対人トレーニングで鍛錬している。選手のレベルは高く、争いも熾烈。監督はプロ経験がある30代半ばの松尾氏で熱心に指導している。Cチーム以下は学生のみで活動しており、Bチーム入りを目指し切磋琢磨している
甲南大学,https://konansoccer.com/,関西１部 (https://www.notion.so/b07a968360ae46cfb5e931799ee3931e?pvs=21),竹口 清一,108,22,24,29,33,https://web.gekisaka.jp/news/university/detail/?408233-408233-fl,https://college-soccer.info/archives/2366,0,0,1,0,0,マネジメント創造学部、経営学部等,1,なし,,有,3.3,6,無,,可,スポーツ推薦 or 誰でも入部可,全国大会出場 / 都道府県大会ベスト8以上,スポーツ推薦枠は少ないものの、まじめな選手が多く、学生が主体となり運営をしている。近年関西1部での活躍していたが、2022年に降格が決定。六甲アイランドにグラウンドを有し、環境も整っている。2023年からはヴィッセル神戸のアカデミーで指導していた竹口氏が監督に就任。
京都橘大学,https://sc.footballnavi.jp/ktfc2016/,関西１部 (https://www.notion.so/b07a968360ae46cfb5e931799ee3931e?pvs=21),橋詰 広太郎,94,23,21,18,32,https://web.gekisaka.jp/news/university/detail/?400105-400105-fl,https://college-soccer.info/archives/2371,0,0,0,0,0,経済学部、経営学部等,1,なし,専用グラウンド新設,有,3,20,有,春,不可,スポーツ推薦 or 入試前の練習参加で合格必要,全国大会レベル以上,近年急速に力を付けている、新興勢力。グラウンド新設され環境も整っている。（https://www.ntssports.co.jp/achievement/kyoto-tachibana-stadium/）京都橘高校からだけではなく強豪高校から選手が入学監督は京都橘高校でコーチを務めていた橋詰氏。その他スタッフもJクラブ指導経験者もおり充実。今後1部昇格の期待もあり、注目校
京都産業大学,https://www.ksu-sc.net/,関西１部 (https://www.notion.so/b07a968360ae46cfb5e931799ee3931e?pvs=21),吉川 拓也,81,19,21,21,20,https://news.yahoo.co.jp/articles/ba4ea22e44e6198f91d913d27569b2517946785c,https://college-soccer.info/archives/2420,0,4,2,3,4,経営学部、現代社会学部等,1,あり,体育寮/選考あり,有,3,8,無,,条件有,スポーツ推薦 or 入学後セレクションあり,全国大会出場 / 都道府県大会ベスト8以上,関西の中でも特にテクニカルなプレースタイルを実践している大学。近年は人数は少しずつ絞っている。選手のクオリティがとても高い。監督の入れ替わりも定期的にあるが、根本のスタイルは大きくぶれずに強化している。コンセプトがしっかりしているのでそれに合う選手は成長できるので試合映像は要チェック
大阪学院大学,https://www.ogu.ac.jp/club/soccer/,関西１部 (https://www.notion.so/b07a968360ae46cfb5e931799ee3931e?pvs=21),實好 礼忠,219,47,42,38,92,https://web.gekisaka.jp/news/university/detail/?401518-401518-fl,https://college-soccer.info/archives/2399,2,0,3,2,1,経済学部、経営学部等,1,あり,,有,,30,有,夏,条件有,スポーツ推薦 or 入学後セレクションあり,全国大会出場 / 都道府県大会ベスト8以上,2022年に元ガンバ大阪の實好氏が監督に就任。パワフルな選手が多く、夏の総理大臣杯でも準優勝と躍進した。部員数もとても多く、すこしやんちゃな選手が多い印象。自分の軸をもって高いレベルの指導を受けたい選手にはおすすめ。
同志社大学,https://www.doshisha-soccer.com/,関西１部 (https://www.notion.so/b07a968360ae46cfb5e931799ee3931e?pvs=21),望月 慎之,132,39,33,30,30,https://web.gekisaka.jp/news/university/detail/?403602-403602-fl,,2,0,0,3,2,商学部、社会学部等,1,なし,,有,3.2,5,無,,条件有,スポーツ推薦 or 入学後セレクションあり,全国大会出場,創部120年以上の歴史をもつ伝統校。選手の自主自立の精神を育み、学生スポーツを牽引することを目指している。真面目な選手が多い印象で、委員会活動なども盛ん。サッカーをするだけにとどまらず、人としての成長を目指している。
大阪経済大学,https://www.osaka-ue.ac.jp/campus/club/club01/football.html,関西１部 (https://www.notion.so/b07a968360ae46cfb5e931799ee3931e?pvs=21),大石 篤人,109,27,20,28,34,https://web.gekisaka.jp/news/university/detail/?400521-400521-fl,https://college-soccer.info/archives/2402,1,0,3,0,1,経済学部、経営学部等,1,なし,,有,3.2,8,無,,条件有,スポーツ推薦 or 入学後セレクションあり,全国大会出場,Jリーグで監督経験もある大石氏が実質TOPチームを指導。縦に早く、フィジカルを全面に押し出したサッカーを展開している。スポーツ推薦では西日本のJ下部組織選手が多く入部している。近年1部と2部を行き来することが多い印象だが、指導体制も変わり、どうなるか。
関西福祉大学,http://kusw-soccer.jp/,関西１部 (https://www.notion.so/b07a968360ae46cfb5e931799ee3931e?pvs=21),中田 洋平,91,25,18,29,19,https://web.gekisaka.jp/news/university/detail/?402015-402015-fl,https://college-soccer.info/archives/2412,1,1,0,0,0,社会福祉学部、教育学部等,1,なし,,有,3,20,有,夏,条件有,スポーツ推薦 or 入学後セレクションあり,全国大会出場 / 都道府県大会3位以上,創部も浅く、元Ｊリーガーが指導にあたり近年力をつけている大学。全員攻撃・全員守備でスピーディーなサッカーを展開。スタッフも若く、熱く指導している。立地は少し悪いが、体育の教員免許も取得できることもあり今後も人気がでそうな大学
桃山学院大学,https://st-andrew-fc.com/,関西１部 (https://www.notion.so/b07a968360ae46cfb5e931799ee3931e?pvs=21),松本 直也,134,27,44,33,30,https://web.gekisaka.jp/news/university/detail/?404350-404350-fl,,0,1,1,0,0,経営学部、経済学部等,1,なし,,有,3,14,有,入学後,条件有,スポーツ推薦 or 入学後セレクションあり,全国大会出場 / 都道府県大会ベスト8以上,監督の松本氏はS級保持者でユニバーシアード日本代表の監督も務めた経験をもつ。その他スタッフも元Jリーガーが多く、しっかりとした体制。近年は入学後のセレクションを実施して、少しずつ人数を絞る方向にシフトチェンジしている印象。
びわこ成蹊スポーツ大学,https://biwako-seikei.jp/club/soccer_m/soccer_m.php,関西２部 (https://www.notion.so/00b188f39d314581ba0263f9c67cbd8f?pvs=21),望月 聡,272,50,72,78,72,https://web.gekisaka.jp/news/university/detail/?404600-404600-fl,,1,3,0,1,0,スポーツ学部,2,あり,全国TOPレベル,有,3,20,有,春,可,スポーツ推薦 or 誰でも入部可,全国大会など / 受験前に事前面談必要,"「No Football,No life」のモットーのもと、プレーだけではなく多角的にサッカーを学んべる環境が整っているスポーツ系大学。現場はもちろん、スポーツビジネスの舞台で活躍するOBも多く、スポーツ業界に興味がある選手にはおすすめ。監督はユーモアを交えながら選手と交流を深めてくれる印象で、なでしこジャパンでスタッフも務めた経験をもつ。安定してプロを輩出しているが人数は多く、グラウンドの数に限りがあるため環境の確認は必須。"
立命館大学,https://www.rusc-1953.com/,関西２部 (https://www.notion.so/00b188f39d314581ba0263f9c67cbd8f?pvs=21),池上 礼一,120,23,25,33,39,https://web.gekisaka.jp/news/university/detail/?409040-409040-fl,,0,0,3,2,0,経営学部、スポーツ健康学部、法学部等,1,なし,,有,3.2,10,無,,条件有,スポーツ推薦 or 入学後セレクションあり,全国大会出場 / 国体出場,学生主体での部運営をしており、カテゴリーごとに選手同士で高め合いながら活動している。自分としっかり向き合ってやりきりたい選手におすすめ。監督は2024年より明治大学や立教大学で指導に当たっていた池上氏が就任。スタッフは少ないが学生主体を軸にしながら学生にアプローチし指導している。
大阪産業大学,https://www.osufc.net/,関西２部 (https://www.notion.so/00b188f39d314581ba0263f9c67cbd8f?pvs=21),安里 晃一,204,41,50,58,55,https://web.gekisaka.jp/news/university/detail/?404589-404589-fl,,0,1,0,0,0,スポーツ健康学部等,1,なし,,有,2.7,,無,,可,スポーツ推薦 or 誰でも入部可,動画審査あり,監督はOBでJFLで活躍した安里氏が務めている。ボールを丁寧に繋ぎ、攻撃的なサッカーを志向している。入部制限がなく誰でも入部できることから部員数も多く、６つのカテゴリーで活動してる。近年は１部と２部を行き来しているがJリーガーも輩出しておりTOPチームのレベルは高い。
近畿大学,https://pando.life/kindai-soccer,関西２部 (https://www.notion.so/00b188f39d314581ba0263f9c67cbd8f?pvs=21),尾内 伸行,88,14,18,29,27,https://web.gekisaka.jp/news/university/detail/?405369-405369-fl,,0,0,0,0,0,経営学部等,1,なし,,有,,15,有,夏,条件有,,,不祥事があり、関西2部へ降格となったがコンプライアンスの強化をはじめ、大学はサッカーと学問に向き合うところと改めて位置づけチーム全体で再生に向けて取り組んでいる。部署制をとり、学生が中心となりボランティア活動や分析、フィジカル強化に努めている。OBにはプロ選手も多い。
大阪大学,https://osakaufc.web.fc2.com/,関西２部 (https://www.notion.so/00b188f39d314581ba0263f9c67cbd8f?pvs=21),前田 薫,70,15,17,22,16,,,0,0,0,0,0,経済学部、工学部等,1,なし,,無,,,無,,可,誰でも入部可,,国立大学ということもあり学生主体で活動をしている。そんな中でも監督は過去ガンバ大阪のアカデミーで指導していた前田氏がサポート選手の高い主体性でスポンサー獲得やリクルーティングにも取り組んでおり、まさしくピッチ内外でサッカーを通して成長できる環境
大阪商業大学,https://ouc.daishodai.ac.jp/club/sports/soccer.html,関西２部 (https://www.notion.so/00b188f39d314581ba0263f9c67cbd8f?pvs=21),中野 尊志,95,95,,,,,,0,0,0,0,0,経済学部、総合経営学部等,1,なし,,有,2.7,10,無,,可,,全国大会出場 / 都道府県大会ベスト8以上,過去6度の全国制覇経験を持つ、伝統校。近年は関西2部をメインに活動しているが、元国見高校の小嶺氏の母校でもある。現在の監督は大阪教育大学→筑波大学大学院卒の中野氏が務め、古豪復活に向けてチャレンジを続けている。
大阪教育大学,http://daikyodaisoccer.web.fc2.com/,関西２部 (https://www.notion.so/00b188f39d314581ba0263f9c67cbd8f?pvs=21),松原 英輝,45,12,11,12,10,https://web.gekisaka.jp/news/university/detail/?405856-405856-fl,,0,0,0,0,0,教育学部,1,なし,,有,3.5,4,無,,可,スポーツ推薦 or 誰でも入部可,全国大会出場,近畿地方で最大規模の教員養成大学として長くの歴史をもつ国立大学。国立ということもあり、年によってレベルが異なるが、近年1部所属経験あり。教育大らしく真面目な選手が多く、教員を志ながらサッカーに打ち込むに良い環境となっている。スポーツ科学専攻もあり指導も学べる。
龍谷大学,https://fc-ryukoku-univ-1968.jimdofree.com/,関西２部 (https://www.notion.so/00b188f39d314581ba0263f9c67cbd8f?pvs=21),原 正宏,42,14,17,11,,,,0,0,0,0,0,経済学部、経営学部等,1,なし,,有,3.3,,無,入学後,条件有,スポーツ推薦 or 入学後のセレクションあり,都道府県大会ベスト8以上,学生主体で活動をしているが入学後にセレクションも実施し、人数を絞り活動している。A級ライセンスやコンディショニングスペシャリストの資格を持つ小辻 一巳氏がテクニカルコーチとしてサポートしている。メンバー選考も含め選手が行っている。
関西国際大学,https://www.kuins.ac.jp/soccer/,関西２部 (https://www.notion.so/00b188f39d314581ba0263f9c67cbd8f?pvs=21),松岡 真吾,93,27,20,20,26,https://web.gekisaka.jp/news/university/detail/?404351-404351-fl,,0,0,0,0,0,人間科学部,1,あり,,有,,,無,,不可,入試前に練習参加で合格が必要,全国出場 / 都道府県大会ベスト8以上,2018年より大阪体育大の名誉監督である坂本氏が総監督を務め、大阪体育大OBを中心に指導に当たり強化を図っている。西日本を中心に強豪校から選手を集めている印象。部員も多くなく、2カテゴリーで活動している。5年計画をうたってり2023年1部昇格を目指す。
天理大学,,関西２部 (https://www.notion.so/00b188f39d314581ba0263f9c67cbd8f?pvs=21),,0,,,,,,,0,0,0,0,0,,,,,,,,,,,,,
神戸学院大学,https://www.kobegakuin.ac.jp/activity/feature/club005.html,関西２部 (https://www.notion.so/00b188f39d314581ba0263f9c67cbd8f?pvs=21),下川 誠吾,49,49,,,,,,0,0,0,0,0,経済学部、経営学部等,2,なし,,有,3,15,有,夏,条件有,スポーツ推薦 or 入学後のセレクションあり,都道府県大会出場,近年成長が著しい大学。監督はイタリア留学の経験をもち、FC東京で監督通訳をはじめアルテリーヴォ和歌山でも監督経験がある河村氏。新人戦では関西3位に入る成績を収め、これからの成長に期待。大学としてヴィッセル神戸とパートナーシップ契約。インターン受入れなど関わりを持つ
追手門学院大学,https://www.footballnavi.jp/otemonsoccer/,関西２部 (https://www.notion.so/00b188f39d314581ba0263f9c67cbd8f?pvs=21),内田 昂輔,60,18,19,15,8,,,0,0,0,0,0,経済学部、経営学部等,1,なし,,有,3.2,,無,,条件有,入学後にセレクションあり,幅広く設定あり,2022に3部降格となったが1年で2部復帰を果たした。監督は九州共立大学でも指導していた米山氏。なでしこリーグでも指導していた経験をもつ。
大阪国際大学,http://club.oiu.ac.jp/club/soccer_men/,関西３部 (https://www.notion.so/45ea30d744814990b61a9fd65e7f87be?pvs=21),長野 崇,85,85,,,,,,0,0,0,0,0,人間科学部、経営経済学部等,1,なし,,有,,,,,,,,社会人基礎力を磨くことに力を入れており、学生主体での部運営をJクラブアカデミーで指導実績がある長野監督がサポートしている。専攻しているスポーツ科学に基づいたトレーニングをしながらも選手たち自身で戦術やプレースタイルを決める、特徴的な部運営を行っている。
芦屋大学,,関西３部 (https://www.notion.so/45ea30d744814990b61a9fd65e7f87be?pvs=21),,0,,,,,,,0,0,0,0,0,,,,,,,,,,,,,
摂南大学,,関西３部 (https://www.notion.so/45ea30d744814990b61a9fd65e7f87be?pvs=21),,0,,,,,,,0,0,0,0,0,,,,,,,,,,,,,
大阪信愛学院大学,,関西３部 (https://www.notion.so/45ea30d744814990b61a9fd65e7f87be?pvs=21),,0,,,,,,,0,0,0,0,0,,,,,,,,,,,,,
大阪大谷大学,,関西３部 (https://www.notion.so/45ea30d744814990b61a9fd65e7f87be?pvs=21),,0,,,,,,,0,0,0,0,0,,,,,,,,,,,,,
関西外国語大学,,関西３部 (https://www.notion.so/45ea30d744814990b61a9fd65e7f87be?pvs=21),,0,,,,,,,0,0,0,0,0,,,,,,,,,,,,,
神戸大学,,関西３部 (https://www.notion.so/45ea30d744814990b61a9fd65e7f87be?pvs=21),,0,,,,,,,0,0,0,0,0,,,,,,,,,,,,,
大阪公立大学,,関西３部 (https://www.notion.so/45ea30d744814990b61a9fd65e7f87be?pvs=21),,0,,,,,,,0,0,0,0,0,,,,,,,,,,,,,
京都先端科学大学,,関西３部 (https://www.notion.so/45ea30d744814990b61a9fd65e7f87be?pvs=21),,0,,,,,,,0,0,0,0,0,,,,,,,,,,,,,
流通科学大学,,関西３部 (https://www.notion.so/45ea30d744814990b61a9fd65e7f87be?pvs=21),,0,,,,,,,0,0,0,0,0,,,,,,,,,,,,,
姫路獨協大学,,関西３部 (https://www.notion.so/45ea30d744814990b61a9fd65e7f87be?pvs=21),,0,,,,,,,0,0,0,0,0,,,,,,,,,,,,,
京都大学,,関西３部 (https://www.notion.so/45ea30d744814990b61a9fd65e7f87be?pvs=21),,0,,,,,,,0,0,0,0,0,,,,,,,,,,,,,
獨協大学,https://www.dokkyo.ac.jp/campuslife/students_association/list/athletic_division.html,Norte２部 (https://www.notion.so/Norte-d5d2b1f7aeca410481280965ac7d63a1?pvs=21),,102,102,,,,,,0,0,0,0,0,法学部、外国語学部等,1,なし,学内人工芝,無,,,無,,可,誰でも入部可,,2024年リーグ戦の結果、Norte2部へ降格。埼玉県内では学力的にも高く、有力選手が指定校などで入るケースが多い。これまで筑波大学院生が監督を務め、モダンなサッカーを展開しており、他大学からの評価も高い。文武両道をしていきたい選手にはおすすめ。チームの雰囲気はガチガチタイプというよりは学生メインで少しゆるめ
東京学芸大学,https://gakugeisoccer.wixsite.com/tgufc-official,関東３部 (https://www.notion.so/475a7cac590f4eb391c783f1e48a01e7?pvs=21),桐田 英樹,72,22,19,17,14,,,0,0,0,0,0,教育学部,1,なし,,無,,,無,,可,誰でも入部可,,2024年東京・神奈川1部へ降格。過去はアスリート入試などで数名のスポーツ推薦枠があったが、現在はなくなり入学を勝ち取る必要がある。教育系ということもあり、指導を行える環境や学生が部運営の中心を担っており、多角的にサッカーと関わることができる。
横浜商科大学,https://www.shodai.ac.jp/campuslife/club/soccer/,東京・神奈川チャレンジ (https://www.notion.so/10b526b15102802a9dbcdc728766ad7e?pvs=21),森 孝一,0,,,,,,,0,0,,0,0,,,なし,,無,,,無,,可,誰でも入部可,,
,,,,0,,,,,,,,,,,,,,,,,,,,,,,,
駒澤大学,https://komazawa-soccer.com/,関東２部 (https://www.notion.so/8dd308de341340b1bda48ee99560ed37?pvs=21),秋田 浩一,93,15,27,22,29,https://www.jufa-kanto.jp/news.php?kn=3753,,1,1,0,3,0,経済学部、法学部等,1,あり,,有,3,20,無,,条件有,練習参加で入試前に合格必要(20名程度),全国規模の大会への出場歴,フィジカル能力が高い選手を多く抱え、「縦に早いサッカー」を標榜し徹底している。元JリーガーでOBであるヘッドコーチを招聘しアップデートを図っている。サッカーを『すること』を通して成長を促すことに重きを置いている印象。
,,,,0,,,,,,,,,,,,,,,,,,,,,,,,