id,大学名,エリア,リーグ,ジャンル➀,ジャンル②,学力ランク,PLAYMAKERコメント,HP,部員数,新４年人数,新３年人数,新２年人数,新１年人数,24J内定,23J内定,22J内定,25デンソー出場,24デンソー出場,面数,監督,所属リーグ（Bチーム以下）,学部,職業(資格),スポーツ推薦有無,サッカー部スポーツ推薦受入人数,スポーツ推薦基準評定,スポーツ推薦条件,セレクション有無,セレクション時期,一般入部可否,入部条件,授業料,入学金,施設費,部費,チームウェア代,合宿・遠征費,特待生制度有無,特待生詳細,グラウンド名,グラウンド住所,グラウンド特記事項,サッカー部寮,寮詳細,大学卒業後進路,サッカー部卒業後進路
1,北海道教育大学岩見沢,北海道,北海道1部,B：自分がどこまで上を目指せるか挑戦したい,,F：国公立,教員養成の名門大学。教育大学ということもあり文武両道を実践しながら全国大会の常連となっている。真面目な選手が多くひたむきにハードワークするサッカーをベースにして近年は全国大会でもベスト8に入るなど、躍進が目立つ。国立大学ということもあり、スポーツ推薦枠は少ないが教員を目指している選手は要チェックの大学。,https://gankyosoccer.com/,53,13,12,14,14,0,0,0,9,6,1,安部 久貴,インディペンデンスリーグ北海道 2チーム,芸術・スポーツ文化学科,,有,5,3.8,,無,,可,高校3年生時に練習参加を推奨,"535,800円/年額",282000円,授業料に含まれる,,,,,,北海道教育大学岩見沢校人工芝グラウンド,北海道岩見沢市緑が丘2丁目34,夜間照明あり。陸上競技場インフィールドを2014年にクレイから人工芝に改修。,なし,,,
2,札幌大学,北海道,北海道1部,B：自分がどこまで上を目指せるか挑戦したい,,D：それ以外の私大,2018年からOBであり元Jリーガーの河端氏を監督として招聘。全国大会の常連となっているが近年は勝ち上がれていない。力がある選手が多く、デンソーにも多数選手が候補として選出され、実際に出場している。「北海道のサッカー王国を札幌大学に作ろう」を合言葉に日本一を目指して活動している。チームの特徴としてはボールを大事にしてしっかり繋ぎながら相手を崩していくサッカーが特徴的。,https://www.sapporo-u.ac.jp/campuslife/circle/physical/soccer.html,83,16,20,22,25,3,2,1,7,11,1,河端 和哉,インディペンデンスリーグ北海道 2チーム 、北海道社会人リーグ 1チーム,経済学部、経営学部等,,有,20,3.5,全国大会出場/都道府県大会ベスト8,有,夏,不可,練習参加 or セレクションで入試前に合格必要,"690,000円/年額","200,000円","230,000円",,,,,,札幌大学サッカー場,北海道札幌市豊平区西岡2条7丁目1,,なし,,,
3,東海大学札幌校舎,北海道,北海道1部,C：チームと一緒にカテゴリー・地域内での立ち位置を上げていきたい,,D：それ以外の私大,,https://www.footballnavi.jp/tokaisoccer_sp/,58,10,10,17,21,0,0,0,2,2,1,菅野　学,インディペンデンスリーグ北海道 2チーム,国際文化学部、生物学部,,,,,,,,,,"730,000円〜830,000円（学部による）","200,000円","280,000円〜400,000円（学部による）",,,,,,東海大学札幌キャンパスサッカー場,北海道札幌市南区南沢5条1-1-1,練習は学校グラウンド(土)や近隣施設を利用,,,,
4,北海道大学,北海道,北海道1部,D：学生主体の活動でいろんな経験をしたい,,F：国公立,全国大会出場を目指す、学生主体のサッカーチームとして、勝利だけではなく、自発的に行動することや、関わる方々への感謝などを行動指針に加えている。2025年の総理大臣杯予選では代表決定戦で札幌大学に敗戦してしまったが、近年力を付けている印象。,https://hokkaidouniv-football.com/,66,13,17,10,26,0,0,0,0,0,1,学生監督,インディペンデンスリーグ北海道 1チーム,法学部、経済学部、教育学部、水産学部、工学部 他,,無,,,,無,,可,,"535,800円/年額","282,000円",なし（国立大学のため徴収なし）,,,,,,北海道大学サッカー・ラグビー場,北海道札幌市北区北16条西10丁目,グラウンドは学内土,なし,,,
5,北翔大学,北海道,北海道1部,E：楽しく本気でサッカーをしたい,,D：それ以外の私大,,https://www.instagram.com/hokushosoccer?igsh=MnZobHBobmtpdjJt,25,25,,,,0,0,0,1,2,1,谷木 竜平,インディペンデンスリーグ北海道 1チーム,生涯スポーツ学部、教育文化学部,,有,70,3.5,,無,,可,,"700,000円","250,000円","250,000円〜300,000円（学部による）",,,,,,北翔大学サッカー場,北海道江別市文京台23番地,グラウンドは学内土。トレーニング施設は充実,なし,,,
6,札幌大谷大学,北海道,北海道1部,E：楽しく本気でサッカーをしたい,,D：それ以外の私大,,https://www.instagram.com/otanisoccer?igsh=MWR5dG1rYXo2c2ZueQ==,25,25,,,,0,0,0,0,0,1,工藤 瑠倭,なし,社会学部地域社会学科,,無,,,,無,,可,,"750,000円 ～ 900,000円（学部による）","250,000円","300,000円",,,,,,札幌大谷大学グラウンド,北海道札幌市東区北16条東9丁目1-1,中規模の人工芝グラウンドが1面（公式戦の規格フルサイズよりやや小さい可能性あり）,なし,,,
7,北海学園大学,北海道,北海道2部 ,E：楽しく本気でサッカーをしたい,,D：それ以外の私大,2017年より学生だけでの活動に終止符を打ち、OBの協力を得ながらチーム体制の改革を行い、2019年には全国大会にも出場した。北海道1部残留を目指しながら活動している。https://www.instagram.com/hgu_soccer/,https://www.hgu.jp/campuslife/circle/soccer.html,40,40,,,,0,0,0,0,0,1,伊藤  一志,なし,経済学部、経営学部、法学部等,,無,,,,無,,可,,"650,000円 ～ 730,000円（学部による）","200,000円","180,000円 ～ 230,000円（学部による）",,,,,,北海学園大学清田グラウンドサッカー場,北海道札幌市清田区清田355番地,グラウンドは学園の天然芝と公共施設の人工芝を利用,なし,,,
8,星槎道都大学,北海道,北海道2部 ,E：楽しく本気でサッカーをしたい,,D：それ以外の私大,,https://www.seisadohto.ac.jp/admission/club/?detail_no=4239,70,70,,,,0,0,0,0,0,2,木島 敦,インディペンデンスリーグ北海道 1チーム,経営学部、社会福祉学部、美術学部,,有,,3,,,,可,,"700,000円 ～ 850,000円（学部による）","200,000円","200,000円 ～ 250,000円（学部による）",,,,,,星槎道都大学サッカーグラウンド,北海道北広島市中の沢,1面は天然芝の正規グラウンド、もう1面は人工芝のサブグラウンドで、日頃の練習は主に天然芝ピッチで行い、サブグランド（人工芝）も併用,なし,,,
9,釧路公立大学,北海道,北海道2部 ,E：楽しく本気でサッカーをしたい,,F：国公立,,https://www.instagram.com/kushiro_soccer?igsh=ejh2cGprbzBmdXFn,33,7,9,6,11,0,0,0,0,0,1,学生主体,なし,経済学部,,無,,,,無,,可,,"535,800円/年額","282,000円（市外）〜141,000円（釧路市民）",なし（公立大学のため徴収なし）,,,,,,釧路公立大学グラウンド,北海道釧路市芦野4丁目1-1,,なし,,,
10,北海道教育大学旭川校,北海道,北海道2部 ,E：楽しく本気でサッカーをしたい,,F：国公立,,https://www.instagram.com/huea_soccer?igsh=bTNtaTdzcXN3MWsy,35,35,,,,0,0,0,0,0,1,学生主体,インディペンデンスリーグ北海道 1チーム,教育学部,国家公務員、地方公務員、小学校・中学校・高校教諭、養護教諭、特別支援学校教諭,無,,,,無,,可,,"535,800円/年額","282,000円",なし（国立大学のため徴収なし）,"約10,000円～20,000円/年","約15,000円〜30,000円","約30,000円〜70,000円/年",,,北海道教育大学旭川校グラウンド,北海道旭川市北門町11丁目,グラウンドは天然芝、照明設備あり,なし,,,
11,札幌医科大学,北海道,北海道2部 ,E：楽しく本気でサッカーをしたい,,F：国公立,,https://www.instagram.com/sapmedfc2025?igsh=cDV4dm53MXNmdDA4,34,14,6,14,,0,0,0,0,0,0,早瀬 一幸,なし,医学部、保健医療学部,,無,,,,無,,可,,,,,,,,,,公共施設を利用,公共施設を利用,,なし,,,
12,北星学園大学,北海道,北海道2部 ,E：楽しく本気でサッカーをしたい,,D：それ以外の私大,,https://www.instagram.com/hokusei.soccer?igsh=MXQ5ZzB4cjZud3pzYw==,20,20,,,,0,0,0,0,0,1,山吉 智,インディペンデンスリーグ北海道 1チーム,文学部、経済学部、社会福祉学部,,,,,,無,,可,,,,,,,,,,北星学園大学多目的グラウンド,北海道札幌市厚別区大谷地西2丁目3-1,"大学附属高等学校のサッカーグラウンドを練習で使用
全面人工芝で照明設備あり",なし,,,
13,札幌国際大学,北海道,北海道3部 ,E：楽しく本気でサッカーをしたい,,D：それ以外の私大,,https://www.instagram.com/siu.soccer?igsh=d3VkbmhsMWt4azJo,40,40,,,,0,0,0,0,0,1,加藤 栄治,なし,スポーツ人間学部,,無,,,,無,,可,,,,,,,,,,札幌国際大学多目的グラウンド,北海道札幌市清田区清田4条1丁目4-1,人工芝、夜間照明設備あり,なし,,,
14,北海道教育大学釧路校,北海道,北海道3部 ,E：楽しく本気でサッカーをしたい,,F：国公立,,https://www.instagram.com/h.u.e.k.soccer?igsh=MXEwa2JucWRjczVxMw==,20,20,,,,0,0,0,0,0,1,鈴木 辰汰,インディペンデンスリーグ北海道 1チーム,教育学部,,無,,,,無,,可,,"535,800円/年額","282,000円",なし（国立大学のため徴収なし）,,,,,,北海道教育大学釧路校グラウンド,北海道釧路市城山2丁目1,"天然芝のグラウンド1面
公式戦は学外施設を使用",なし,,,
15,小樽商科大学,北海道,北海道3部 ,E：楽しく本気でサッカーをしたい,,F：国公立,,https://lefmonno1.wixsite.com/ouc-soccer,38,10,5,8,15,0,0,0,0,0,1,後藤 猛,なし,商学部経済学科、商学科,,無,,,,無,,可,,,,,,,,,,小樽商科大学グラウンド,北海道小樽市緑3丁目5番21号,学内グラウンドは天然芝または土,なし,,,
16,室蘭工業大学,北海道,北海道3部 ,E：楽しく本気でサッカーをしたい,,F：国公立,,https://www.instagram.com/murokoudai_soccer?igsh=a25paG92cm04c2tx,40,40,,,,0,0,0,0,0,1,専任監督なし,なし,理工学部、建築学部,,無,,,,無,,可,,,,,,,,,,室蘭工業大学グラウンド,北海道室蘭市水元町27-1,学内グラウンドは天然芝,なし,,,
17,北海道教育大学札幌校,北海道,北海道3部 ,E：楽しく本気でサッカーをしたい,,F：国公立,,https://www.instagram.com/hues_soccer/,56,56,,,,0,0,0,0,0,1,,なし,教育学部,,無,,,,無,,可,,"535,800円/年額","282,000円",なし（国立大学のため徴収なし）,,,,,,北海道教育大学札幌校グラウンド,北海道札幌市北区あいの里5条3丁目1番3号,天然芝1面,なし,,,
18,北海道教育大学函館校,北海道,北海道3部 ,E：楽しく本気でサッカーをしたい,,F：国公立,,https://www.instagram.com/hue_h_soccer?igsh=MnpxdTVqOGd1Ymtp,22,22,,,,0,0,0,0,0,1,専任監督なし,なし,国際地域学科,,,,,,,,,,"535,800円/年額","282,000円",なし（国立大学のため徴収なし）,,,,,,北海道教育大学函館校グラウンド,北海道函館市八幡町1番2号,"学内グラウンドは天然芝
学外グラウンドも使用",なし,,,
19,旭川医科大学,北海道,北海道3部 ,E：楽しく本気でサッカーをしたい,,F：国公立,,https://www.ed.asahikawa-med.ac.jp/club/soccer/top.htm,20,20,,,,0,0,0,0,0,1,学生主体,なし,医学科、看護学科,,無,,,,無,,可,,,,,,,,,,旭川医科大学陸上競技場,北海道旭川市緑が丘東2条1丁目1番1号,"学内グラウンドは陸上トラック内のフィールド
天然芝または土",なし,,,
20,北海道科学大学,北海道,北海道3部 ,E：楽しく本気でサッカーをしたい,,D：それ以外の私大,,https://www.hus.ac.jp/campuslife/activity/#club_13086,20,20,,,,0,0,0,0,0,1,増田 貴宏,なし,工学部、未来デザイン学部,,無,,,,無,,可,,,,,,,,,,北海道科学大学グラウンド,北海道札幌市手稲区前田7条15丁目4-1,夜間照明あり、土グラウンド,なし,,,
21,北海道医療大学,北海道,北海道3部 ,E：楽しく本気でサッカーをしたい,,D：それ以外の私大,,https://www.instagram.com/hoku_iryo_soccer?igsh=MWdiNWxxeDNyanhvYQ==,20,20,,,,0,0,0,0,0,1,,なし,リハビリテーション科学部、看護福祉学部,,無,,,,無,,可,,,,,,,,,,北海道医療大学総合グラウンド,北海道石狩郡当別町金沢1757番地,天然芝フルピッチ、夜間照明設備あり,なし,,,
22,北海道大学医学部,北海道,北海道3部 ,E：楽しく本気でサッカーをしたい,,F：国公立,,https://hokuisoccer.wixsite.com/hokuisoccer2015,30,30,,,,0,0,0,0,0,0,学生主体,なし,医学科、保健学科,,無,,,,無,,可,,,,,,,,,,公共施設を利用,公共施設を利用,,なし,,,
23,仙台大学,東北,東北1部 ,A：大学経由でプロを目指したい,F：選手以外の形でサッカーと関わりたい,E：スポーツ系私大,体育の教員免許が取れる。ウェイトトレーニングやコンディショニングを専属の教員がいるだけではなく、サッカー部専門のインストラクターが常駐しているため本人次第の意識次第でうまく使いこなせるかどうかが重要となる。ベガルタ仙台と提携しスタッフ派遣を受けていたり、練習参加や練習試合もよく行われている。東北随一のプロ選手輩出数を誇る体育大学。,https://www.sendaidaigaku.jp/club.html?post=337,208,208,,,,2,5,1,11,11,1,吉井 秀邦(復帰),東北社会人1部 2チーム・2部南1チーム 、宮城県社会人2部 1チーム,体育学部等,,有,15,,全国大会出場,無,,可,スポーツ推薦 or 入試前に練習参加が必要,,,,,,,,,仙台大学サッカー・ラグビー場,宮城県柴田郡柴田町船岡新栄5丁目4-6,トレーニング施設充実,なし,,,
24,富士大学,東北,東北1部 ,B：自分がどこまで上を目指せるか挑戦したい,,D：それ以外の私大,充実した施設のもと、全カテゴリー全国大会出場を目指している東北の強豪大学。オフザピッチの取り組みにも力をいれており、多角的にサッカーと関わる機会が多い。スカウティングを強化しており関東の有力選手が進学するパターンも増えている。Jクラブで指導経験があるスタッフが加入し、よりレベルが高くなる可能性がありそう。いい環境でサッカーを続けたい選手は環境を一度見ることをオススメ。,https://www.footballnavi.jp/fujiunivfc/,79,28,24,27,,0,0,1,5,6,1,鳴尾 直軌,インディペンデンスリーグ東北 2チーム / 東北社会人1部 1チーム,経済学部,,有,20,3,必ず練習参加が必須,無,,不可,練習参加で入試前に合格必要,,,,,,,,,富士大学人工芝サッカー場,岩手県花巻市下根子450,室内練習場あり,なし,,,
25,東北大学,東北,東北1部 ,D：学生主体の活動でいろんな経験をしたい,,F：国公立,監督を置かずに、学生主体で運営しているチーム。6つの班にわかれ、チームの運営を行っている。学生主体で様々な経験をしながら、東北1部のステージで戦えるのは魅力的。,http://hyojosoccer.com/,62,12,21,19,10,0,0,0,0,0,2,学生主体,インディペンデンスリーグ東北 1チーム,,,無,,,,,,,,,,,,,,,,東北大学川内キャンパス人工芝グラウンド,宮城県仙台市青葉区川内,青葉山キャンパスにも人工芝1面あり,なし,,,
26,ノースアジア大学,東北,東北1部 ,C：チームと一緒にカテゴリー・地域内での立ち位置を上げていきたい,,D：それ以外の私大,,https://www.nau.ac.jp/nausc/,34,34,,,,0,0,0,1,1,1,山本 茂太,なし,,公務員、警察官,有,,,,,,,,,,,,,,,,ノースアジア大学サッカー場,秋田県秋田市下北手桜守沢46-1,2019年に人工芝に改修された,なし,,,秋田県警、㈱北都銀行 、東洋ワーク㈱ 、イオンリテール㈱ 、秋田県信用組合、ALSOK秋田 、㈱NTT東日本－東北 、㈱仙台銀行、秋田信用金庫、秋田しんせい農業協同組合 、コマツ秋田㈱ 、日新スズキ販売㈱ 、猿田興業㈱、山形ダイハツ販売㈱ 、㈱ホクエツ 、山二施設工業㈱ 、㈱財産コンサルティング、ダンロップタイヤ東北㈱ 、秋田いすゞ自動車㈱ 、㈱セノン 、㈱小泉 、㈱東北マツダ　など
27,東北学院大学,東北,東北1部 ,B：自分がどこまで上を目指せるか挑戦したい,,C：中堅私大,近年改めて強化を図っており、仙台大学でコーチも務めた和泉氏が指導にあたる。ベガルタ仙台との連携もスタートし、指導者派遣も受けている。スポーツ推薦制度もあるため、選手獲得にも積極的に動いており、今後の躍進が期待されるチーム。,https://www.tgaa.jp/club/09/,42,6,10,10,16,0,0,0,0,1,1,和泉 隼,インディペンデンスリーグ東北 1チーム,,,有,,,,無,,可,,,,,,,,,,東北学院大学泉キャンパス人工芝グラウンド,宮城県仙台市泉区天神沢2丁目1-1,2024年人工芝完成,なし,,,
28,八戸学院大学,東北,東北1部 ,B：自分がどこまで上を目指せるか挑戦したい,,D：それ以外の私大,近年、東北エリアで全国大会出増の常連になりつつある存在。長きにわたり指導している岩本監督のもと、激しいサッカーを展開。人工芝グラウンドを構え、整った環境も魅力。『八戸から全国へそして世界へ』を標榜し全国大会上位進出を目指す。,https://hachigakufc.wixsite.com/1981,75,17,16,20,22,0,0,1,4,2,2,岩本 寿生,インディペンデンスリーグ東北 3チーム,健康医療学部、地域経営学部,,有,,,,,,条件有,事前に監督へ相談し、練習参加等で実力を認められれば入部可能,,,,,,,,,八戸学院大学サッカー場,青森県八戸市美保野,2019年完成、学内人工芝2面,あり,キャンパス内に所在している「志錬館」がサッカー部寮,,
29,岩手大学,東北,東北1部 ,D：学生主体の活動でいろんな経験をしたい,E：楽しく本気でサッカーをしたい,F：国公立,,https://www.instagram.com/iwateuniv_football/,32,32,,,,0,0,0,0,0,,鎌田 安久,なし,,,無,,,,無,,,,,,,"3,000円 / 月",,,,,岩手大学運動場(土),岩手県盛岡市上田3-18,大学内に所在するグラウンド,なし,,,
30,東北工業大学,東北,東北1部 ,C：チームと一緒にカテゴリー・地域内での立ち位置を上げていきたい,,D：それ以外の私大,,https://www.instagram.com/tohokukodaisoccer_official?igsh=aXJ2Z3M3cGNmc3hl,23,5,5,7,6,0,0,0,0,0,1,草野 修治,なし,工学部、建築学部,,無,,,2月下旬〜4月中旬に練習参加を実施,無,,可,,,,,,,,,,東北工業大学長町グラウンド,宮城県仙台市太白区二ツ沢６,人工芝フットサルコート2面分、夜間照明設備あり,なし,,,
31,青森大学,東北,東北2部北リーグ ,E：楽しく本気でサッカーをしたい,,D：それ以外の私大,,https://www.aomori-u.ac.jp/club-activities/%E4%BD%93%E8%82%B2%E4%BC%9A/%E3%82%B5%E3%83%83%E3%82%AB%E3%83%BC%E9%83%A8/,15,5,2,1,7,0,0,0,0,1,,高谷 竜徳,なし,,,,,,,,,,,,,,,,,,,青森山田高校人工芝グラウンド,青森県青森市青葉3-13−41,青森山田高校のグラウンドを使用,なし,,,
32,弘前大学全学部,東北,東北2部北リーグ ,E：楽しく本気でサッカーをしたい,,F：国公立,,https://www.instagram.com/hirodai__soccer/,29,29,,,,0,0,0,0,0,,古村 健太郎,なし,,,無,,,,,,,,,,,,,,,,学園町グラウンド(土),青森県弘前市学園町1-1,,なし,,,
33,青森中央学院大学,東北,東北2部北リーグ ,E：楽しく本気でサッカーをしたい,,D：それ以外の私大,,https://www.aomoricgu.ac.jp/campuslife/group_activity/designated_clubactivities/soccer,22,2,6,4,10,0,0,0,0,0,,工藤 英樹,なし,,,無,,,,,,,,,,,,,,あり,,青森中央学院大学 人工芝サッカー場,青森県青森市横内神田,大学内に所在する人工芝グラウンド,なし,,,"三沢市消防署、十和田地域広域事務組合消防本部、青い森信用金庫、おいらせ農業協同組合、リンクステーション㈱、リゾートトラスト㈱、㈱スズキ自販青森、いすゞ自動車東北㈱、㈱クレアスライフ、東栄ホームサービス㈱、㈱スタッフサービス、㈱Beams、㈱サッポロライオン、明和工業㈱、Pizza Hut,Inc."
34,秋田大学,東北,東北2部北リーグ ,E：楽しく本気でサッカーをしたい,,F：国公立,,https://www.instagram.com/akita.univ.soccer/,27,4,3,10,10,0,0,0,0,0,,赤坂 勇樹,なし,,,無,,,,,,,,,,,,,,,,秋田大学サッカー場,秋田県秋田市手形学園町1-1,,,,,
35,東日本国際大学,東北,東北2部南リーグA ,E：楽しく本気でサッカーをしたい,,D：それ以外の私大,,https://www.instagram.com/hiufc_official/,25,8,2,7,8,0,0,0,0,0,,高田 豊治,なし,,,無,,,,,,,,,,,,,,,,東日本国際大学附属昌平中学高等学校グラウンド,福島県いわき市平上片寄上ノ内121,附属中高のグラウンドを使用,,,,
36,山形大学,東北,東北2部南リーグA ,E：楽しく本気でサッカーをしたい,D：学生主体の活動でいろんな経験をしたい,F：国公立,,https://www.instagram.com/yamagatauniv.fb?igsh=c2N3NzQwc2NkbXpk,32,,11,10,11,0,0,0,0,0,1,井上 功一郎,なし,人文社会科学部、地域教育文化学部,,無,,,,無,,可,,,,,,,,,,山形大学小白川キャンパスグラウンド,山形県山形市小白川町1丁目4-4,人工芝、夜間照明設備あり,なし,,,
37,東北大学医学部,東北,東北2部南リーグA ,E：楽しく本気でサッカーをしたい,D：学生主体の活動でいろんな経験をしたい,F：国公立,,https://www.instagram.com/tohoku.med.soccer?igsh=a3kzeW85bHdvcXRk,40,40,,,,0,0,0,0,0,1,金田 幸夫,インディペンデンスリーグ東北 1チーム,医学科,,無,,,,無,,可,,,,,,,,,,東北大学川内グラウンド,宮城県仙台市青葉区川内元支倉35-1,人工芝,なし,,,
38,東北医科薬科大学,東北,東北2部南リーグA ,E：楽しく本気でサッカーをしたい,,D：それ以外の私大,,https://www.instagram.com/tmpu_football/,36,36,,,,0,0,0,0,0,1,学生主体,なし,医学科、薬学科,,無,,,,無,,可,,,,,,,,,,東北医科薬科大学小松島キャンパスグラウンド,宮城県仙台市青葉区小松島4丁目1,,なし,,,
39,東北公益文科大学,東北,東北2部南リーグA ,E：楽しく本気でサッカーをしたい,,D：それ以外の私大,,https://www.instagram.com/football_koeki?igsh=MWNjZTlhcHU4M2FiNQ==,30,30,,,,0,0,0,0,0,1,進藤 和真,なし,公益学科,,無,,,,無,,可,,,,,,,,,,東北公益文科大学グラウンド,山形県酒田市飯森山1丁目,,なし,,,
40,東北福祉大学,東北,東北2部南リーグB,E：楽しく本気でサッカーをしたい,,C：中堅私大,,https://www.tfu.ac.jp/club/soccer/12.html,54,54,,,,0,0,0,0,0,,国井 精一,なし,,,無,,,,,,,,,,,,,,,,東北福祉大学国見ケ丘第2キャンパスサッカーグラウンド,宮城県仙台市青葉区国見ケ丘7丁目146,,,,,
41,宮城教育大学,東北,東北2部南リーグB,E：楽しく本気でサッカーをしたい,D：学生主体の活動でいろんな経験をしたい,F：国公立,,mue-football.jimdofree.com,22,22,,,,0,0,0,0,0,1,池田 晃一,なし,保健体育科専攻,,無,,,,無,,可,,,,,,,,,,宮城教育大学グラウンド,宮城県仙台市青葉区荒巻青葉149,土または天然芝,なし,,,
42,日本大学工学部,東北,東北2部南リーグB,E：楽しく本気でサッカーをしたい,,C：中堅私大,,https://www.instagram.com/nihonunivfc?igsh=NjlvdWxncXltYWl3,25,25,,,,0,0,0,0,0,1,学生主体,なし,土木工学科,,無,,,,無,,可,,,,,,,,,,日本大学工学部サッカーグラウンド,福島県郡山市田村町徳定中河原1,土グラウンド,なし,,,
43,福島大学,東北,東北2部南リーグB,E：楽しく本気でサッカーをしたい,,F：国公立,,https://www.fukushima-u-fbc.com,18,18,,,,0,0,0,0,0,1,松本 健太,なし,人間発達文化学類,,無,,,,無,,可,,,,,,,,,,福島大学サッカー・ラグビー場,福島県福島市金谷川1,天然芝,なし,,,
44,石巻専修大学,東北,東北2部南リーグB,E：楽しく本気でサッカーをしたい,,D：それ以外の私大,2024年よりサッカー部が新設され、ベガルタ仙台レディースの監督を務めた千葉氏を招聘。強化部として大学のサポートを受けながら上位進出を目指す。,https://www.senshu-u.ac.jp/ishinomaki/campuslife/circle/soccer.html,8,2,4,2,,0,0,0,0,0,1,千葉 泰伸,なし,人間教育学科,,有,,,練習参加型セレクション実施,無,,可,,,,,,,,,,石巻専修大学多目的グラウンド,宮城県石巻市南境新水戸,"学内グラウンドは天然芝。近隣の人工芝グラウンドを使用することもある。
市内の公共施設「セイホクパーク石巻フットボール場」（人工芝）も使用",なし,,,
45,明治大学,関東,関東1部 ,A：大学経由でプロを目指したい,,B：上位私大,2023年インカレ王者。2025年に監督・ヘッドコーチが変更になり、新たな体制での活動をスタートする。サッカーでの指導はもちろん、人としての指導に特に重きを置いている。少数精鋭でポジション争いが激しい。全寮制かつ早朝練習が基本ということもあり、自分の時間をどうコーディネートするかを突き詰め、心身共に鍛えている、クリーンな体育会の象徴。意識が高い選手がそろい成長するには最適な環境であることは間違いない。2023年3月に新寮が新設され最新鋭の施設が揃う。練習参加を経て、7月末のセレクションで次年度入部者が決定となるため、そこまでは確定できない,http://meidaisoccer.jp/,56,14,13,15,14,7,6,6,6,8,1,池上 寿之(新任),インディペンデンスリーグ関東 1チーム,商学部、政治経済学部、経営学部等,,有,13,3,全国出場 / 代表歴 / プレミア / プリンスベスト4以上,有,夏,不可,練習参加 or セレクションで入試前に合格必要・入部基準高,,,,,,,,,明治大学八幡山グラウンド,東京都世田谷区八幡山２丁目17－41,2023年3月に新寮完成トレーニングルームなど完備,あり（全寮制）,,,
46,東京国際大学,関東,関東1部 ,A：大学経由でプロを目指したい,E：楽しく本気でサッカーをしたい,D：それ以外の私大,部員の多さが目を引くが、その中でも全チーム公式戦ができる状態を準備。(社会人、Ｉリーグなど) 指導者は元Ｊリーガーが多く、必ず各カテゴリーに帯同している。それもあり下のカテゴリーからの吸い上げられることも。監督はJ監督経験者でTOPチームはプロに近い雰囲気で活動している。ピッチ外の規則もそこまで厳しくない印象人工芝3面に加え、トレーニングルームやロッカーを完備したクラブハウスなど充実した施設は一見の価値あり。,https://www.tiu.ac.jp/sports/football/,414,102,103,119,90,6,1,6,0,2,2,前田 秀樹,インディペンデンスリーグ関東1部 1チーム・2部5チーム、関東社会人リーグ2部、埼玉県社会人リーグ1部 2チーム・2部2チーム,人間社会学部、商学部、国際関係学部等,小・中・高教員免許(保健体育)、トレーニング指導者【受験資格】、健康運動指導士【受験資格】サッカーC級コーチ,有,100,3,練習参加で認められれば可能,有,夏,不可,練習参加で合格できれば入部可(例年100名程度),"900,000円","250,000円","320,000円","5,000円 / 月","100,000円 / 入学時",基本無料,,,東京国際大学第1・第2グラウンド,埼玉県坂戸市四日市場81-1,施設充実,あり,サッカー部専用寮はあるが、全寮ではない,教員、公務員(警察・消防)、航空・ホテル・観光・国際企業など幅広い,
47,筑波大学,関東,関東1部 ,A：大学経由でプロを目指したい,D：学生主体の活動でいろんな経験をしたい,F：国公立,ピッチ内外で大学サッカーを牽引しているトップランナー。社会人は監督(助教/J指導経験有)のみでその他はサッカーを研究する大学院生が担当。指導や分析、イベント運営、スポンサー営業などオフザピッチでの活動も精力的で様々な角度からサッカー界に関わるOBが多い。一般入部生が多いが、真摯にサッカーに取り組む。選手はもちろんだが指導者やサッカーに関わる仕事がしたい選手は必ずチェックすべし。スポーツ推薦は日本のTOP5が利用するといっても過言ではない。,https://www.tsukubashukyu.com/,188,48,31,58,51,7,3,3,7,10,1,小井土 正亮,インディペンデンスリーグ関東1部 2チーム・2部2チーム 、茨城県社会人1部 1チーム,"体育専門学群, 人文・文化学群, 人間学群,  理工学群, 情報学群, 医学群,等",,有,5,,推薦＝国際大会(代表)、全国ベスト16以上,無,,可,スポーツ推薦難(数枠/体育) / 入学できれば入部可,,,,,,,,,筑波大学第一サッカー場,茨城県つくば市天久保3丁目1,人工芝張替え済み,なし,,,
48,桐蔭横浜大学,関東,関東1部 ,A：大学経由でプロを目指したい,F：選手以外の形でサッカーと関わりたい,D：それ以外の私大,2022年冬の全国大会日本一を果たした、強豪大学。毎年レベルの高い選手が多く入部し、2022年は13名もの選手がJリーガーとなった。選手の自由な発想を大切にしており、厳しく縛り付けることも少ない印象。Bチームは関東社会人1部で戦うなど、レベルの高い試合経験を積むことができる。スポーツ健康政策学部では小学校教員免許をはじめ、中高体育教員免許も取得できる。またマネージャー推薦(学部指定)があるのも特徴的。,http://soccer.toin.ac.jp/,81,20,21,17,23,7,2,13,4,5,1,安武 亨,関東社会人リーグ1部 1チーム,スポーツ健康政策学部,小・中・高教員免許 (保健体育)、健康実践指導者、スポーツリーダー,有,20,3,セレクション参加必須 / マネージャー推薦あり,有,夏,不可,練習参加 or セレクションで入試前に合格必要(20名程度),"750,000円","200,000円","310,000円","50,000円×2回 / 前期・後期","約100,000円 / 入学時 (スーツ含む)","バス代1回1,000円 ｜ 年2回程度合宿(4泊50,000円程度)",,,桐蔭学園多目的グラウンド,神奈川県横浜市青葉区鉄町1614番地,,なし,,教員・公務員・一般企業など幅広い,
49,国士館大学,関東,関東1部 ,A：大学経由でプロを目指したい,,C：中堅私大,Jリーガーをはじめ、多くの体育教員を輩出している体育系の名門大学。「相手よりも1歩でも多く、１歩でも早く」というチームスローガンがぴったり合う切替えが早く、強度が高いサッカーを展開。寮近くにグラウンドやトレーニングルームが有しており、サッカー漬けの毎日を送れる。合宿などは行っていないのも特徴的。練習の強度が高く激しく日々の練習が国士館大学の強さを支えている。,https://www.footballnavi.jp/kokushikan-univ/,147,40,33,51,23,4,4,6,4,1,2,前田  隆司(新任),インディペンデンスリーグ関東1部 3チーム・2部1チーム,体育学部,,有,13,3,,有,夏,不可,,,,,,,,,,国士舘大学楓の杜キャンパスサッカー場,東京都町田市野津田3101,,あり,,,
50,東洋大学,関東,関東1部 ,A：大学経由でプロを目指したい,,C：中堅私大,少人数で鍛えている大学。寮制ではなく自由も多く、J指導経験やシンガポール年代別代表監督経験を持つ監督が指導にあたり洗練したサッカーを展開。技術的に高い選手が集まる印象。近年は関東2部上位以上はキープしており、自力のある大学。練習後の補食(有料)を提供していたりとサポートも手厚い。ユース出身選手が部員の半数以上を占めるのも大きな特徴。,https://toyo-footballclub.jp/mens/,63,14,14,18,17,7,3,7,3,5,1,井上 卓也,インディペンデンスリーグ関東1部 1チーム,国際観光学部,,有,15,3,指導者から大学スタッフへ連絡,無,,不可,練習参加で入試前に合格必要,,,,,,,,,東洋大学朝霞グラウンド, 埼玉県朝霞市岡48-1,夕補食提供(有料),なし,,,
51,流通経済大学,関東,関東1部 ,A：大学経由でプロを目指したい,,D：それ以外の私大,THEプロ選手養成大学。200名の大所帯ながら全寮制で、熾烈な争いが待っている。人数も多く、カテゴリーの変動も激しいため、意識高く鍛えている選手もいればメンタル的に腐りぎみの選手もおり、選手自身の意識の高さをどれくらい継続できるかが鍵になりそう。サッカーに懸ける、自分を律せて厳しい環境に身を置きたい選手はおすすめ。Bチーム以下は関東社会人1部をはじめ、千葉県社会人1部、茨城県社会人1部、そしてIリーグに所属している。,https://www.rku-fc.jp/,269,67,63,74,65,5,0,3,2,7,3,中野 雄二,関東社会人リーグ1部 1チーム、茨城県社会人1部 1チーム、千葉県社会人1部 1チーム、インディペンデンスリーグ関東2部 2チーム,スポーツ健康科学部,中・高教員免許(社会・地歴・公民・情報)、児童福祉士、社会福祉士、認定心理士,有,60,,,有,年数回開催,不可,練習参加 or セレクションで入試前に合格必要(60名程度),"860,000円","260,000円","198,000円","150,000円 / 年","約200,000円 / 入学時 (スーツ含む)",バス利用は無料 / 遠征費は別途,,,流通経済大学サッカー場,茨城県龍ケ崎市平畑120,施設面全国TOPクラス,あり（全寮制）,"寮費：約75,000円 / 月",銀行・物流・商社系が多い,
52,中央大学,関東,関東1部 ,A：大学経由でプロを目指したい,,B：上位私大,部運営自体は厳しく縛るスタイルではなく比較的選手の自主性に任されており、どのカテゴリーもチーム全体で応援をするなど、一体感がある。総監督は長年大学サッカー界にいることからJクラブとのパイプも強く、監督はFC東京で活躍した宮沢氏がFC東京から派遣で担当している。攻撃的なスタイルが魅力。地域との繋がりも大切にしており、子供達にサッカーのおもしろさを伝える『青空たいそう』などを実施している。,https://www.chuo-u.ac.jp/activities/club/sports/sports14/,99,25,28,22,24,5,5,3,4,2,1,宮沢 正史,インディペンデンスリーグ関東1部 2チーム,経済学部、商学部等,,有,10,3,全国大会出場 / それ同等の成績,無,,条件有,スポーツ推薦10枠程度＋一般推薦 / 入試前の練習参加で合格必要,,,,,,,,,中央大学多摩キャンパスサッカー場,東京都八王子市東中野742-1,,あり,,,
53,日本大学,関東,関東1部 ,A：大学経由でプロを目指したい,,C：中堅私大,2023年に18年ぶりに関東1部に復帰。グラウンドやトレーニング施設が同敷地内にあり、トレーニングに集中できる超充実した環境が用意。徒歩圏内で移動できるとてもきれい寮も構えている。入部に際してはプレーレベルはもちろん、人間性をとても重要視しており、オフザピッチの規則も厳しく設定されている。主体的に取り組める選手が集まっている。,https://www.nu-soccer.com/,77,20,17,20,20,3,1,1,2,3,1,川津 博一,関東社会人リーグ1部 1チーム、インディペンデンスリーグ関東1部 1チーム,法学部、文理学部、経済学部、スポーツ科学部等,,有,10,3,都道府県ベスト4以上、都道府県選抜歴 他,有,夏,不可,練習参加 or トライアウトで入試前に合格必要,,,,,,,,,日本大学アスレティックパーク稲城 サッカーフィールド,東京都稲城市坂浜1382,施設充実,あり（全寮制）,,,
54,東海大学,関東,関東1部 ,A：大学経由でプロを目指したい,,C：中堅私大,入れ替え戦を制し関東1部に昇格。寮も完備し、日本最大規模のトレーニング施設も充実しており最先端の設備が揃う。堅守速攻を標ぼうし、フィジカルを活かしたプレス強度の高いサッカーを展開している。,https://tokaiunivfc.jimdofree.com/,104,27,23,22,32,1,0,1,2,1,1,浅田  忠亮,インディペンデンスリーグ関東1部 3チーム,体育学部、工学部、政治経済学部等,,有,12,3,,無,,条件有,練習参加 or セレクションで入試前に合格必要(20名程度),,,,,,,,,東海大学湘南キャンパスサッカー場,神奈川県平塚市北金目4-1-1,,あり,,,
55,日本体育大学,関東,関東1部 ,A：大学経由でプロを目指したい,,E：スポーツ系私大,専属のスカウトを配置しスカウティングも強化。これまで1面で300名程度の部員数で活動していたが、人数を絞りはじめていることから改善の見込み。サッカー以外でもトップアスリートが多く刺激をもらえることも。コーチングの授業もあるので教員や指導者志望にはおすすめ。教員や指導者のOBネットワークは強固で広く、指導者も視野に入れる選手は一考すべき。,http://www.nittaidai-fc.com/,205,48,46,68,43,3,0,3,1,1,1,矢野 晴之介,インディペンデンスリーグ関東1部 1チーム・2部 1チーム,体育学部,,有,30,3,全国大会出場以上,無,,条件有,練習参加で入試前に合格必要 / 入学後セレクション,,,,,,,,,日本体育大学 横浜・健志台キャンパスグラウンド,神奈川県横浜市青葉区鴨志田町1221-1,,あり,,,
56,慶應義塾大学,関東,関東1部 ,A：大学経由でプロを目指したい,D：学生主体の活動でいろんな経験をしたい,A：難関私大,2024年関東2部昇格。関東の超名門大学。学力・成績で入学ができないと入部は難しく、カテゴリーによって多少のレベル差がある。学生主体で部運営をしており、分析やイベント、チームマネジメントなどすべて学生が担っており、意識が高い学生が揃う。監督はOBが担当し、伝統を継承している,http://keio-soccer.com/,110,21,28,25,36,1,0,0,1,1,1,中町 公佑,インディペンデンスリーグ関東1部 1チーム・2部 1チーム,環境情報学部、商学部、総合政策学部等,,無,,,AO入試の難易度も高い現役生によるサポートも行っている,無,,条件有,入学後にランテストあり,,,,,,,,,慶應義塾大学下田グラウンド,神奈川県横浜市港北区日吉本町2-59-2,,なし,,,
57,関東学院大学,関東,関東2部 ,A：大学経由でプロを目指したい,B：自分がどこまで上を目指せるか挑戦したい,D：それ以外の私大,2024年関東1部昇格を果たすものの1年で降格。横浜Fマリノスと提携しており、マリノスの育成で指導していた監督やコーチが出向で担当している。またエリートリーグや練習参加なども行われており、過去2名が入団している。それ以外にもこの8年で関東2部ながら20名弱のJリーガーを輩出している。これほどJ1クラブと密接に関係しているチームはないのでは。近年は人数を各学年15名程度にしぼり、マリノスユースからの入部も増えているため、スポーツ推薦の難易度が上がっているが、より目の行き届いた中で指導を受けられる環境になっている。,https://kgufootballclub.com/,83,24,26,18,15,3,5,3,0,1,1,奈良 安剛,インディペンデンスリーグ関東1部 1チーム,経済学部、経営学部、人間共生学部等,幼稚園・小・中・高教員免許(英語・社会・地歴公民・商業)、栄養教諭,有,15,3,,有,夏,条件有,練習参加 or セレクションで入試前に合格必要(25名程度),"795,000円","200,000円","280,000円","10,000円 / 月","約100,000円 / 入学時",合宿は基本なし,,,関東学院大学金沢八景キャンパスグラウンド,神奈川県横浜市金沢区六浦東1丁目50−1,,なし,,公務員・信用金庫・建設・ITなど幅広い,
58,法政大学,関東,関東2部 ,A：大学経由でプロを目指したい,,B：上位私大,全寮制をしき、選手としっかり向き合うために少人数で活動している。寮でも規則がしっかりしており人としての成長も望める。専属のスカウトがおり、個性ある選手をピックアップし卒業後にプロを輩出するのではなく、プロで活躍する選手育成を目指している。学年の垣根を越えてみんな仲が良いのが特徴としてあげられる。2024年は関東2部での戦いになるが、間違いなく、関東TOPレベルの選手が集まる。,https://hoseifc.com/,59,15,15,15,14,6,7,9,5,3,1,柳沢 将之(新任),インディペンデンスリーグ関東1部 1チーム,現代福祉学部、社会学部、経済学部等,,有,13,3,,有,夏,不可,練習参加 or セレクションで入試前に合格必要・入部基準高,,,,,,,,,法政大学城山サッカー場,神奈川県相模原市緑区川尻5347,2021年人工芝張替え,あり（全寮制）,,,
59,順天堂大学,関東,関東2部 ,A：大学経由でプロを目指したい,D：学生主体の活動でいろんな経験をしたい,E：スポーツ系私大,2024年に新監督として帝京高校で指導をしていたレジェンドOBである日比監督が就任。体制も一新し新たな船出となる。多くのJリーガーや教員を輩出している伝統校。これまでは常勤スタッフが少なかったが、全カテゴリーしっかり指導をしていた。TOPチームのレベルが高く年代別代表経験者など有力者を抱えている。監督が代わり、新チームがどうなっていくかは2024年の動向を注視していくべき。,http://juntendo-football.com/,162,54,49,48,11,3,0,5,3,1,1,日比 威,インディペンデンスリーグ関東1部 2チーム・2部 1チーム,スポーツ健康科学部,,有,8,3,全国大会出場 / それ同等の成績,無,,可,スポーツ推薦難 / 入学できれば入部可(今後制限の可能性あり),,,,,,,,,順天堂大学さくらキャンパスサッカー場,千葉県印西市平賀学園台1-1,学部により1年次全寮,あり（全寮制）,,,
60,早稲田大学,関東,関東2部 ,A：大学経由でプロを目指したい,B：自分がどこまで上を目指せるか挑戦したい,A：難関私大,日本を代表する名門校。大学入学後に入部までにランテストとしっかり取り組めるかを判断する仮入部期間がありそれを超えないと練習生のまま。サッカー以外でも選手が主体となり様々な活動をしており、意識も高いことから人としての成長できる環境。スポーツ推薦は数名分存在するものの、各部との兼ね合いなどもあり、合格は確約されておらず、普通に落ちることもある。実績面や面接・小論文によって決まる。そこに挑むまでのサポートは大学サッカー部がでもしている。,https://www.waseda-afc.jp/,93,24,17,24,28,2,4,7,4,1,1,兵藤　慎剛,東京都社会人リーグ1部 1チーム、インディペンデンスリーグ関東1部 1チーム,スポーツ科学部、教育学部等,,無,,3.5,推薦を含めた入試の合格が必要(代表歴 / 全国大会ベスト8),有,入学後,条件有,総合型入試 or 一般入試 / 入部テストあり ＝ スポーツ推薦なし,,,,,,,,,早稲田大学東伏見サッカー場,東京都西東京市東伏見2-7-5,,あり,,,
61,立正大学,関東,関東2部 ,A：大学経由でプロを目指したい,B：自分がどこまで上を目指せるか挑戦したい,D：それ以外の私大,全寮制で都心から少し離れた大学敷地内(東松山/埼玉)にすべてが揃い、規則面もしっかり設定されているためまさしくサッカーに打ち込める環境。少人数ながらスタッフも充実している。監督はマネジメント中心でサッカー面はヘッドコーチが担当している。近年、関東2部ながらJリーガーを多く輩出しており、その中でもGKのJリーガー輩出率が高いのも印象的。関東1部昇格と全国出場を目指し活動している。,https://www.ris.ac.jp/sports/soccer/,69,18,17,18,16,7,4,6,1,1,1,杉田 守,インディペンデンスリーグ関東1部 1チーム,地球環境科学部,高校教員免許(情報)・図書館司書、社会福祉主事、社会教育主事,有,15,3,,無,,不可,練習参加 or セレクションで入試前に合格必要(15名程度),"778,000円","288,000円","250,000円","50,000円 / 年","約100,000円 / 入学時",公式戦は無料 / 強化遠征等は別途,,,立正大学熊谷キャンパスサッカー場,埼玉県熊谷市万吉1700,大学内に寮あり,あり（全寮制）,"寮費：年間150,000円(食費別)",公務員(消防・警察・自治体職員)、金融・IT系が多い,
62,神奈川大学,関東,関東2部 ,B：自分がどこまで上を目指せるか挑戦したい,D：学生主体の活動でいろんな経験をしたい,C：中堅私大,2024年関東2部昇格。オフザピッチの取り組みで近年注目されている大学。全寮制で過疎化している団地を借り上げていたり、農作業を行ったりと特色ある活動を行っている。少人数で活動しており、スタッフの対応を手厚く人間教育にとても熱心。入学後のセレクションはあるものの、入部許可者がいない場合が多く、基本はスポーツ推薦の選手を中心に構成されている。,https://football.ku-sports.jp/,59,14,16,15,14,0,0,2,0,0,1,大森 酉三郎,神奈川県社会人リーグ1部 1チーム,人間科学部、経営学部等,中・高教員免許(理科・社会・公民・保険体育)、社会調査士、社会教育主事、認定心理士,有,15,3,スポーツ重点強化部入試のみ,有,入学後,条件有,入試前にセレクション or 練習参加必須,"734,000円～1,120,000円(学部による)","200,000円","130,000円～400,000円","140,000円 / 年","約100,000円 / 入学時",合宿は基本なし,,,神奈川大学中山キャンパストラック内フィールド,神奈川県横浜市緑区台村町800,,あり（全寮制）,竹山団地を寮として利用している。参考：https://www.tbsradio.jp/articles/84554/,公共・物流・銀行業界が多い,
63,拓殖大学,関東,関東2部 ,B：自分がどこまで上を目指せるか挑戦したい,E：楽しく本気でサッカーをしたい,D：それ以外の私大,2024年関東2部降格。関東上位校では珍しい、誰でも入部できるチーム。そのため近年部員数が増加している。またスタイルもはっきりしており、パスを丁寧に繋ぎ崩すことを徹底。比較的自由なスタイルで純粋にサッカーが好きな選手が多い印象。その反面、部員数増加に伴い、下のカテゴリーは学生コーチが担当することもあるとか。他に比べるとレベルが高いのに入部しやすいが、自分をしっかり持っていないと埋もれてしまうリスクも一考すべき。,https://www.footballnavi.jp/takushoku-univ/,328,69,75,94,90,0,4,4,0,0,2,玉井 朗,インディペンデンスリーグ関東1部 1チーム・2部 1チーム、サテライトリーグ1チーム,政治経済学部、商学部等,,有,10,3,都道府県⼤会ベスト８以上,有,夏,可,スポーツ推薦10枠程度 / 入学できれば入部可,,,,,,,,,拓殖大学八王子国際キャンパスサッカー場,東京都八王子市館町815-1,,なし,,,
64,産業能率大学,関東,関東2部 ,B：自分がどこまで上を目指せるか挑戦したい,,D：それ以外の私大,湘南ベルマーレと提携しており数名のスタッフが出向している。各カテゴリーに担当コーチがついておりしっかり対応している。また大学の就職サポートが手厚く、高い就職率を誇っている。関東2部に定着しており、プロ選手もほぼ毎年輩出している。,https://www.sanno.ac.jp/undergraduate/campuslife/club/soccer/,115,27,26,30,32,2,0,3,0,1,1,小湊 隆延,インディペンデンスリーグ関東1部 3チーム,情報マネジメント学部,,有,30,3,情報マネジメント学部のみ,有,夏,不可,練習参加 or セレクションで入試前に合格必要,,,,,,,,,産業能率大学第二グラウンド,神奈川県伊勢原市上粕屋字北久保1840,,あり,朝練があるため、基本的にはほぼ全寮に近い状態になっている,,
65,山梨学院大学,関東,関東2部 ,B：自分がどこまで上を目指せるか挑戦したい,,E：スポーツ系私大,2023年関東2部昇格。スタッフが一新されて数年で総理大臣杯出場、関東リーグ昇格を成し遂げた。専修大学の関東リーグ4連覇の際、ヘッドコーチとして指導していた岩渕監督をはじめ経験豊富なスタッフが選手と向き合いながら日々活動している。トレーニング施設やグラウンドなどの施設面も充実している。近年プロ選手の輩出もよく聞く様になり、今後の躍進が期待されるチーム。2023年は関東2部3位となり、1部との入れ替え戦まで進出した。,https://www.ygu.ac.jp/sports/soccer/,192,29,48,56,59,1,2,3,1,1,1,岩渕 弘幹,インディペンデンスリーグ関東2部 3チーム,スポーツ科学部,,有,50,,,有,夏,不可,練習参加 or セレクションで入試前に合格必要(50名程度),,,,,,,,,山梨学院大学川田ツインサッカー場,山梨県甲府市川田町521-1,施設充実,なし,,,
66,國學院大學,関東,関東2部 ,B：自分がどこまで上を目指せるか挑戦したい,,C：中堅私大,2023年関東3部昇格。攻撃＝プレッシングを標ぼうする強度の高いサッカーを目指す。学生主体で様々な地域活動やSNSの発信強化も実施大学的にも人気が高く、スポーツ推薦の倍率はかなり高くなっている。練習参加からの入部とセレクションからの入部のパターンがあるが、セレクションまでに早期に練習参加をすることをおススメする。,https://www.kokugakuin-fc.com/,94,33,28,26,7,0,0,0,0,0,2,白須 真介,インディペンデンスリーグ関東1部 1チーム・2部 2チーム,経済学部、文学部等,,有,9,3,,有,夏,条件有,スポーツ推薦(8枠程度) / 入学後に練習参加 or セレクションあり,,,,,,,,,國學院大學たまプラーザキャンパスグラウンド,神奈川県横浜市青葉区新石川3-22-1,,なし,,,
67,東京農業大学,関東,関東2部 ,B：自分がどこまで上を目指せるか挑戦したい,,D：それ以外の私大,2023年関東3部昇格。Iリーグや社会人リーグにも所属し、試合機会が多いのが特徴。世田谷キャンパスにグラウンドがあり（小田急線千歳船橋駅）都内中心地にグラウンドを持つ稀有な学校。スポーツ推薦枠に限りがあるが、平均評定3.6以上あれば一般推薦入試でも可能性が出てくる,https://tuafc.cs-park.jp/,81,19,11,20,31,1,0,0,0,0,1,児玉 宗土,東京都社会人サッカーリーグ2部 1チーム,農学部、地球環境科学部等,,有,7,3.2,,有,夏,条件有,練習参加 or セレクションで入試前に合格必要(15名程度),,,,,,,,,東京農業大学世田谷キャンパスグラウンド,東京都世田谷区桜丘1-1-1,,なし,,,
68,駒澤大学,関東,関東2部 ,B：自分がどこまで上を目指せるか挑戦したい,,C：中堅私大,フィジカル能力が高い選手を多く抱え、「縦に早いサッカー」を標榜し徹底している。元JリーガーでOBであるヘッドコーチを招聘しアップデートを図っている。サッカーを『すること』を通して成長を促すことに重きを置いている印象。,https://komazawa-soccer.com/,93,15,27,22,29,0,1,1,0,3,1,秋田 浩一,インディペンデンスリーグ関東2部 1チーム,経済学部、法学部等,,有,20,3,全国規模の大会への出場歴,無,,条件有,練習参加で入試前に合格必要(20名程度),,,,,,,,,駒澤大学玉川キャンパス,東京都世田谷区宇奈根1-1-1,,あり,,,
69,城西大学,関東,関東3部 ,B：自分がどこまで上を目指せるか挑戦したい,,D：それ以外の私大,2024年関東2部昇格。数年前に立正大学でヘッドコーチを務めた東海林監督が就任し少しずつ変革を行っている。新たにグラウンド2面やクラブハウスが新設され、整った環境の中でハードワークするチームづくりを慣行中。選手獲得の際は人間性も重視している。,https://josaifc.jp/,107,26,26,26,29,1,0,0,0,0,2,東海林 毅,インディペンデンスリーグ関東1部 2チーム,現代政策学部、経営学部等,,有,25,3,,有,夏,不可,練習参加 or セレクションで入試前に合格必要,,,,,,,,,JOSAI SPORTS FIELD 第1グラウンド,埼玉県入間郡毛呂山町大字下川原757-1,近年、新グラウンド完成,なし,,,
70,立教大学,関東,関東3部 ,B：自分がどこまで上を目指せるか挑戦したい,,B：上位私大,2024年関東3部に降格。埼玉県富士見市に広大なクラブハウスやグラウンドなどを有している。関東リーグでは珍しい誰でも入部できるチーム。2024年からOBで現役時代から学生コーチとして指導にあたる若手の飛田氏監督に就任。チームの一体感を大切にしながら活動している。総監督はFC東京でヘッドコーチやユース監督を務めていた、倉又氏。スポーツ推薦はあるものの、実績面でも全国ベスト4クラスの成績が必要になる。またAO入試で入学する際も平気評定3.5および各都道府県ベスト8以上、英検準2級以上など出願条件があるので注意。(あくまでも出願条件のため、よりよい学校成績と全国ベスト16以上程度の実績は必要になりそう),https://rikkyo-soccer.com/,157,35,36,37,49,3,1,0,0,0,1,飛田 晃典,インディペンデンスリーグ関東1部 2チーム、サタデーリーグ1チーム,経営学部、法学部、現代心理学部等,,有,サッカー部確定枠はなし,3.5,アスリート入試 3.5以上 全国ベスト16以上が主に合格最低ライン,無,,可,入学後に練習参加可 / アスリート入試あるがサッカー部確定枠がない,,,,,,,,,立教大学富士見総合グラウンド,埼玉県富士見市下南畑1343-1,埼玉県富士見にスポーツ施設を保有。クラブハウスおよび人工芝,なし,,,
71,明治学院大学,関東,関東3部 ,B：自分がどこまで上を目指せるか挑戦したい,,C：中堅私大,2023年関東3部降格。スポーツ推薦がなく、指定校や総合選抜入試等での入学が必要になる。グラウンドが他部併用で人工芝1面とキャンパスから離れたところにある土のグラウンドを活用しながら活動している。(戸塚周辺)これまでは誰でも入部できたが、近年は入学後にセレクションを実施し人数を絞り始めている。監督は今年から早稲田大学で長年監督を務め、名古屋グランパスU-18で監督をしていた古賀氏が就任,https://mgufc.jp/,105,31,18,26,30,0,0,0,0,0,1,古賀 聡,インディペンデンスリーグ関東1部 1チーム,文学部、経済学部等,,無,,,,無,,条件有,入試前の練習参加 / 入学後セレクション(仮入部期間)あり,,,,,,,,,明治学院大学横浜キャンパスヘボンフィールド,神奈川県横浜市戸塚区上倉田町1518,,なし,,,
72,国際武道大学,関東,関東3部 ,C：チームと一緒にカテゴリー・地域内での立ち位置を上げていきたい,F：選手以外の形でサッカーと関わりたい,E：スポーツ系私大,2024年関東3部昇格。千葉のはずれにある体育大学。トレーナー養成にも力をいれており、学生スタッフも多くかかわる。監督は市船OBで武大出身。学生と近い目線で、熱く指導している。真面目な選手が多く、一人暮らしをしながら集中して体育を学びたい選手にはおすすめ。(特待あり),https://ibu-fc.localinfo.jp/,148,42,37,44,25,0,0,0,0,0,1,髙安 亮介,インディペンデンスリーグ関東2部 3チーム,体育学部等,,有,40,,特待についてはスタッフが決定する,無,,可,スポーツ推薦の場合入試前に練習参加必須,,,,,,,,,国際武道大学サッカー場,千葉県勝浦市新官841,学内人工芝,なし,,,
73,青山学院大学,関東,関東3部 ,B：自分がどこまで上を目指せるか挑戦したい,,B：上位私大,2024年関東3部降格。相模原で活動しており、グラウンドにはトレーニングルームなど施設面充実している。技術的に高い選手が多く、ボールを大切にするサッカーを展開している。朝練が基本で夕方以降の時間を自由に使うことができる。ピッチ内外ともに厳しく縛られるイメージはなく、選手に自由が与えれている印象。卒業生では海外でプレーする選手もおり、毎年数名はサッカーを続ける。,https://www.footballnavi.jp/aogaku-soccer/,91,27,24,23,17,0,0,0,0,0,1,清水 厚,インディペンデンスリーグ関東2部 2チーム,総合文化政策学部、教育人間科学部、経営学部等 ,,有,サッカー部確定枠はなし,3.5,全国大会ベスト8が出願条件,無,,可,練習参加で入試前に合格必要,,,,,,,,,青山学院大学緑が丘グラウンド,神奈川県相模原市中央区緑が丘2-40-1,,なし,,,
74,亜細亜大学,関東,関東3部 ,B：自分がどこまで上を目指せるか挑戦したい,,C：中堅私大,2024年関東3部降格。少人数で活動しているため、1年生でも試合に絡むチャンスがある。縦に早くサッカーを展開するのが特徴。2022年に練習場がある日の出キャンパス内にトレーニングセンターが新設され、鍛える環境がさらに整っている。,https://www.asia-u.ac.jp/sports/athletics/soccer/,82,9,14,25,34,0,0,0,0,0,2,小島 徹,インディペンデンスリーグ関東2部 2チーム,経営学部、経済学部、法学部等,,有,10,2.7,,無,,不可,練習参加で入試前に合格必要(10名程度),,,,,,,,,亜細亜大学日の出キャンパス多目的競技場,東京都西多摩郡日の出町平井1449-1,,あり,,,
75,作新学院大学,関東,関東3部 ,B：自分がどこまで上を目指せるか挑戦したい,,D：それ以外の私大,2024年関東3部降格。近年スカウティングにも力をいれており、能力の高い選手が増えており攻撃的なサッカーを展開いわきFCへレンタル移籍を行った実績があったり、卒業後社会人でプレーを継続する選手も増えている。スポーツ系の学部がある,https://www.footballnavi.jp/sakushin-gakuin/news_list.php,113,19,28,34,32,0,0,1,0,0,1,横濱 誠,インディペンデンスリーグ関東1部 1チーム・2部 1チーム,経営学部、人間文化学部等,,有,30,,特待あり,無,,不可,練習参加で入試前に合格必要(30名程度),,,,,,,,,作新学院大学サッカー部グラウンド,栃木県宇都宮市竹下町908,,なし,,,
76,中央学院大学,関東,関東3部 ,B：自分がどこまで上を目指せるか挑戦したい,,D：それ以外の私大,2023年関東3部昇格。監督は関西大学OBで人間力も重視。近年企業との協力でコンディショニングやフィジカル強化にも力を入れている。附属高校のドリブルや個人技術を高めるスタイルのイメージが強いが、大学はそちらに重きをおいているわけではない。,https://www.cgu.ac.jp/cgu-sc/sports/soccer/,149,27,36,33,53,0,0,1,0,0,1,西 孝幸,インディペンデンスリーグ関東1部 1チーム・2部 2チーム,商学部、法学部,,有,30,,特待あり,有,夏,不可,入試前に練習参加必須,,,,,,,,,中央学院大学つくし野総合グランド,千葉県我孫子市つくし野713-1,,なし,,,
77,専修大学,関東,関東3部 ,B：自分がどこまで上を目指せるか挑戦したい,,C：中堅私大,2023年関東3部昇格。過去、関東4連覇を成し遂げたこともある強豪大学。基本朝練で攻撃的なサッカーを展開している。Jリーガーも多く輩出している。指導面は今シーズンから市船OBで市船でも指導をしていた佐藤陽彦氏が就任。県リーグ所属ながら3名のJリーガーを輩出したレベルが高い大学,http://senshu-fc.com/,114,27,35,27,25,3,2,3,0,0,1,東 大樹,インディペンデンスリーグ関東1部 1チーム,経済学部等,,有,8,3.2,二日間の練習参加で判断,有,,条件有,スポーツ推薦あり / 入学後に1か月の体験入部の上、本人の意思があれば入部可,,,,,,,,,専修大学生田北グラウンド,神奈川県川崎市多摩区枡形5-8-10,,なし,,,
78,東京経済大学,関東,関東3部 ,B：自分がどこまで上を目指せるか挑戦したい,E：楽しく本気でサッカーをしたい,C：中堅私大,2023年関東3部昇格。攻撃的サッカーを標ぼうし、近年力を付けている大学。スポーツ推薦の枠は少ないが、入学できれば入部可能寮がなく、規律が厳しいイメージはあまりなく、指導者も少ないことから主体的に動ける選手におすすめしたい,https://tku-fc.wixsite.com/tokyokeizaifootball,112,10,28,34,40,0,0,0,0,0,1,池田 裕之,インディペンデンスリーグ関東2部 1チーム、サタデーリーグ1チーム,経済学部、経営学部等,,有,5,3,全国大会出場 / 都道府県ベスト4以上,有,夏,可,スポーツ推薦5枠程度 / 入学できれば入部可,,,,,,,,,東京経済大学武蔵村山キャンパスサッカーグラウンド,東京都武蔵村山市学園5-22-1,,なし,,,
79,共栄大学,関東,関東3部 ,B：自分がどこまで上を目指せるか挑戦したい,,D：それ以外の私大,2023年関東3部昇格。近年選手集めにも力を入れており力をつけている。サッカー部としてジュニアスクールやJYを立ち上げておりそこの指導や運営に携わることも可能になっているため、プレーに限らず、マネジメントや指導も経験できる。2023年は関東3部で苦しんだ末になんとか残留。夏より明治大学でも指導をしていた小野氏がTOPチーム指導にあたる。,https://sc.footballnavi.jp/kyoei-fc/,109,15,23,40,31,0,0,0,0,0,1,小野  浩二,インディペンデンスリーグ関東2部 2チーム,国際経営学部,,有,30,3,特待あり,,,不可,練習参加で入試前に合格必要(30名程度),,,,,,,,,共栄大学サッカーグラウンド,埼玉県春日部市内牧4158,,なし,,,
80,東京学芸大学,関東,関東3部 ,B：自分がどこまで上を目指せるか挑戦したい,D：学生主体の活動でいろんな経験をしたい,F：国公立,2024年東京・神奈川1部へ降格。過去はアスリート入試などで数名のスポーツ推薦枠があったが、現在はなくなり入学を勝ち取る必要がある。教育系ということもあり、指導を行える環境や学生が部運営の中心を担っており、多角的にサッカーと関わることができる。,https://gakugeisoccer.wixsite.com/tgufc-official,72,22,19,17,14,0,0,0,0,0,1,桐田 英樹,インディペンデンスリーグ関東2部 1チーム、国公立リーグ1チーム,教育学部,,有,,,アスリート入試での入学入部ラインが再開？,無,,可,誰でも入部可,,,,,,,,,東京学芸大学総合グラウンド,東京都小金井市貫井北町4-1-1,,なし,,,
81,城西国際大学,関東,千葉1部 ,C：チームと一緒にカテゴリー・地域内での立ち位置を上げていきたい,,D：それ以外の私大,監督は元日本サッカー協会技術委員やFC東京アカデミーアドバイザーを歴任した福井氏。コーチにはジェフで現役時代活躍した茶野氏をはじめ充実した体制を持っている。施設も充実しており入部する選手のレベルも高いことから今後、上位リーグに絡む可能性を秘めている大学,https://www.jiu.ac.jp/campuslife/club/soccer/,86,17,22,23,24,1,1,0,0,0,1,福井　哲,インディペンデンスリーグ関東2部 2チーム,総合経営学部,,有,20,,,無,,不可,入試前に練習参加必須,,,,,,,,,高円宮殿下記念スポーツパーク,千葉県東金市求名1-1番地,学内人工芝(2021年度に人工芝全面張替え),あり,,,
82,明海大学,関東,千葉1部 ,C：チームと一緒にカテゴリー・地域内での立ち位置を上げていきたい,,D：それ以外の私大,浦安という恵まれた立地の中で学内に人工芝グラウンドを保有している千葉で常に上位に入る大学。スタッフもGKコーチやトレーナーも常駐しておりスカウト活動も精力的に行っている。学部も不動産や旅行系など特色ある学部があることも特徴で特待制度も完備している。,http://meikai-sports.jp/football/,86,21,12,25,28,0,0,0,0,0,1,岩田 正太,インディペンデンスリーグ関東2部 2チーム,外国語学等,,有,30,,特待は全国大会出場が必要,無,,不可,入試前に練習参加必須,,,,,,,,,明海大学グラウンド,千葉県浦安市明海1丁目2,学内人工芝,なし,,,
83,江戸川大学,関東,千葉1部 ,C：チームと一緒にカテゴリー・地域内での立ち位置を上げていきたい,,D：それ以外の私大,監督はS級を持つ鈴木氏。学内にグラウンド1面、学外に2面＋クラブハウスを保有する、施設が充実した大学。千葉県内でも上位争いをしている大学で、選手獲得も含め強化を図っている。少しやんちゃな選手が多い印象だが過去、社会人強豪チームへ進んだ選手も多数をおり、今後の動向に注目。,https://www.edogawa-u.ac.jp/zaigakusei/community/club/football/,74,29,12,14,19,0,0,0,0,0,2,鈴木 秀生,インディペンデンスリーグ関東2部 1チーム,社会学部等,,有,20,,,無,,不可,入試前に練習参加必須,,,,,,,,,江戸川大学フットボールフィールド柏,千葉県柏市花野井1319-1,学外人工芝,なし,,,
84,千葉大学,関東,千葉1部 ,E：楽しく本気でサッカーをしたい,D：学生主体の活動でいろんな経験をしたい,F：国公立,国立大学で学生主体で運営している大学。練習メニューやスケジュール調整も自分たちで行い、サッカーのレベルアップはもちろん、社会性も身に着けるべく活動をしている。学内に人工芝グラウンドもあり、文武両道で活動している。目標は1部上位進出。,https://chiba-univ-fc.studio.site/,58,13,11,19,15,0,0,0,0,0,1,山本 一広,国公立リーグ1チーム,工学部、教育学部等,,無,,,,無,,可,誰でも入部可,,,,,,,,,千葉大学サッカー・ラグビー場,千葉県千葉市稲毛区弥生町1-33,学内人工芝,なし,,,
85,千葉商科大学,関東,千葉1部 ,E：楽しく本気でサッカーをしたい,,D：それ以外の私大,近年、しっかりと活動をし1部定着を目指している。リクルーティングにも力を入れ始めている。県内だけではなく、県外からの入学者も多く、週5回のトレーニングや試合を通し、成長を図っている。入部人数が多い場合は絞る可能性もあることから興味がある選手は練習参加をおすすめする。,https://www.cuc.ac.jp/campus/activity/club/list/soccer/index.html,45,14,7,8,16,0,0,0,0,0,1,松原 翼,なし,商経学部、人間社会学部等,,無,,,,無,,条件有,誰でも入部可場合によっては人数制限の可能性あり,,,,"10,000円/年","30,000円","10,000円",,,千葉商科大学グラウンド,千葉県市川市国府台1丁目4,学内人工芝,なし,,,
86,淑徳大学,関東,千葉1部 ,E：楽しく本気でサッカーをしたい,,D：それ以外の私大,,https://shukutokufc.com/,40,40,,,,0,0,0,0,0,2,上島 達也,CHIBA MIRAI LEAGUE 1チーム,コミュニティ政策学部,,有,,3.5,,有,夏,可,高校3年生を対象にした練習参加型のセレクション（体験練習会）を夏季に実施しています,,,,,,,,,淑徳大学生実町グラウンド,千葉県千葉市中央区生実町2407-1,生実町グラウンドはロングパイル人工芝を採用したピッチ。シャワー施設を完備し、練習環境が充実。,なし,,,
87,神田外国語大学,関東,千葉1部 ,E：楽しく本気でサッカーをしたい,,D：それ以外の私大,,https://www.instagram.com/we.are.kuisfc?igsh=MWVtazA3NG1oem85aA==,27,3,2,4,18,0,0,0,0,0,1,河野 洋,なし,外国語学部,,無,,,,無,,可,誰でも入部可,,,,,,,,,神田外国語学部人工芝グラウンド,千葉県千葉市美浜区若葉1丁目,人工芝1面。公式戦は他大学や地域の公共競技場を使用することが多く、千葉市の茜浜運動公園や柏市の江戸川フットボールフィールドなどで実施,なし,,,
88,帝京平成大学,関東,千葉1部 ,E：楽しく本気でサッカーをしたい,F：選手以外の形でサッカーと関わりたい,E：スポーツ系私大,トレーナーや理学療法士を目指し専門的な勉強ができる大学で、鹿島アントラーズアカデミーやつくばFCレディースで指導していた橋野氏が監督に就任したことを皮切りに強化を図る。アスレティックトレーナーを目指す上で必要な180時間の実地研修を部の活動を通してクリアすることもでき、プレーはもちろんトレーナーとしての技量を高めることも可能。スポーツ推薦も有していることから、プレーヤーとトレーナー系の勉強を両立したい学生におすすめ,https://www.thu.ac.jp/campuslife/club/men_football,40,40,,,,0,0,0,0,0,1,橋野 威,CHIBA MIRAI LEAGUE 1チーム,健康医療スポーツ学部,,有,20,,スポーツ推薦を希望する場合は、入試前の練習参加が必要,無,,可,誰でも入部可,,,,,,,,,帝京平成大学千葉キャンパスうるいどグラウンド,千葉県市原市うるいど南4-1,,なし,,,
89,東邦大学（習志野キャンパス）,関東,千葉2部 ,E：楽しく本気でサッカーをしたい,,D：それ以外の私大,,https://www.instagram.com/toho_soccer?igsh=MXhmaXdidXRsM3loaw==,20,20,,,,0,0,0,0,0,1,,なし,理学部、薬学部,,無,,,,無,,可,,,,,,,,,,東邦大学習志野キャンパスサッカー・ラグビー場,千葉県船橋市三山2-2-1,人工芝1面,なし,,,
90,東京理科大学（野田キャンパス）,関東,千葉2部 ,E：楽しく本気でサッカーをしたい,,B：上位私大,,https://www.instagram.com/tus.fc?igsh=MXF0dnhnejQwdmJtcw==,30,,,,,0,0,0,0,0,1,,なし,創域理工学部,,無,,,,無,,,,,,,,,,,,東京理科大学野田キャンパス総合グラウンド,千葉県野田市山崎2641,,なし,,,
91,東京情報大学,関東,千葉2部 ,E：楽しく本気でサッカーをしたい,,D：それ以外の私大,,http://www.edu.tuis.ac.jp/~soccer/,20,20,,,,0,0,0,0,0,1,中谷 貴広,なし,総合情報学部,,有,,,「学校推薦型選抜（運動選手推薦）」という制度で、高校での競技実績があり大学でも学業と部活動を両立する意思のある者を対象としている。,無,,可,,,,,,,,,,東京情報大学第2グラウンド,千葉県千葉市若葉区御成台4-1,キャンパス内グラウンドは天然芝,なし,,,
92,麗澤大学,関東,千葉2部 ,E：楽しく本気でサッカーをしたい,,D：それ以外の私大,,https://www.instagram.com/reitakusoccer?igsh=Z2N3OXdkbTJldnM0,31,31,,,,0,0,0,0,0,2,河野 洋,なし,経済学部経営学科,,無,,,,無,,可,,,,,,,,,,麗澤大学第2グラウンド,千葉県柏市光ケ丘2丁目1,サッカー部は主に第2グラウンドを使用（天然芝、ナイター設備あり）,なし,,,
93,千葉工業大学,関東,千葉2部 ,E：楽しく本気でサッカーをしたい,,D：それ以外の私大,,https://www.instagram.com/cit.soccer?igsh=ZW5oZGxuY2RxdWpq,102,102,,,,0,0,0,0,0,1,監督不在（学生主体）,なし,,,無,,,,無,,,,,,,,,,,,千葉工業大学運動施設サッカー場,千葉県習志野市茜浜3丁目4,照明設備付きのグラウンドで夜間練習も可能,なし,,,
94,成蹊大学,関東,東京・神奈川1部 ,D：学生主体の活動でいろんな経験をしたい,E：楽しく本気でサッカーをしたい,C：中堅私大,過去、関東リーグ在籍経験も持つチームであり、学生が主体となり活動をしている。強豪高出身者だけでなくそうでない選手も多いが意識が高く、本気で文武両道を目指したい選手にはおすすめ。OBとの関わりも強く、文武両道を掲げているため、就職実績もとてもよくしっかりした選手が多い印象。,http://seikei-fc.com/,54,24,15,15,,0,0,0,0,0,2,宮本 佳宜,インディペンデンスリーグ関東2部 1チーム,経済学部、法学部等,中・高教員免許(地歴・公民・英語・国語・理科・数学、情報・工業)、日本語教員 / 社会調査士、社会福祉主事、社会調査士,無,,,スポーツ推薦はないが、現役生から推薦入試など対策サポートを受けられる,無,,可,誰でも入部可,"855,000円～1,080,000円(学部による)","200,000円","300,000円","10,000円 / 月","約50,000円",年1回程度(実費),,,成蹊大学サッカー場,東京都武蔵野市吉祥寺北町3-3-1,学内人工芝（サイズ少し小さい）,なし,,銀行・証券会社が多い,"旭化成ホームズ、アシックスジャパン、ゴールドクレスト、JT、新菱冷熱工業、住友生命、住友林業、竹中工務店、ニチレイフーズ、
日本通運、富士フィルムBI、みずほフィナンシャルグループ、三井住友銀行、三菱UFJ銀行、三菱UFJ信託銀行、三菱UFJモルガ
ン・スタンレー証券、MeijiSeikaファルマ、ロート製"
95,朝鮮大学校,関東,東京・神奈川1部 ,E：楽しく本気でサッカーをしたい,,D：それ以外の私大,朝鮮高級学校卒業もしくは見込みの者、または日本の高等学校を卒業もしくは見込みで朝鮮人の子孫であることが出願資格になる大学。過去は関東リーグにも所属した経験を持ち、ダイナミックでひたむきなプレースタイルを貫いている。大学は全寮制をとっている。,https://korea-u-fc.com/,57,22,22,13,,1,1,0,0,0,1,藤代 隆介,インディペンデンスリーグ関東2部 1チーム,体育学部、経営学部等,,無,,,,無,,可,誰でも入部可,,,,,,,,,朝鮮大学校グラウンド,東京都小平市小川町1-700,学内人工芝,あり（全寮制）,,,
96,学習院大学,関東,東京・神奈川1部 ,D：学生主体の活動でいろんな経験をしたい,E：楽しく本気でサッカーをしたい,B：上位私大,学生主体でチーム運営をしているチーム。学内に高校と併用で人工芝グランドを保有している。学校柄、まじめな選手が多く、真摯にサッカーに取り組んでいるイメージ。文武両道を目指しながらサッカーに取り組むにはとても良い環境,http://www.gfc-ob.jp/,64,19,12,15,18,0,0,0,0,0,1,榎本 久志,サタデーリーグ1チーム,法学部、経済学部等,,無,,,,無,,可,誰でも入部可,,,,,,,,,学習院大学 北グラウンド,東京都豊島区目白1-5-1,学内人工芝（サイズ少し小さい）,なし,,,
97,帝京大学,関東,東京・神奈川1部 ,C：チームと一緒にカテゴリー・地域内での立ち位置を上げていきたい,,C：中堅私大,元Jリーガーの監督を擁し、部員制限も行いながら強化を図っており、このリーグ内では関東リーグと近い形でリクルートを行っている。近年は1部リーグでなかなか上位に食い込めていないが、強豪校出身が多くオフザピッチの取り組みよりもよりオンザピッチに打ち込むタイプのチームである。,https://teikyo-univ-soccer.com/,123,24,20,34,45,0,0,0,0,0,1,田村 仁崇,インディペンデンスリーグ関東1部 1チーム・2部 1チーム,教育学部、経済学部等,,無,,,,有,入学後,条件有,入学後のセレクションで合格が必要,,,,,,,,,帝京大学 八王子キャンパス陸上競技場,東京都八王子市大塚359,学内人工芝,なし,,,
98,玉川大学,関東,東京・神奈川1部 ,C：チームと一緒にカテゴリー・地域内での立ち位置を上げていきたい,,C：中堅私大,町田ゼルビアと提携しており、監督が派遣されている。昨季は久々の1部復帰となったが、上位へ食い込むことができず、苦しいシーズンとなった。大学内にグラウンドをはじめ様々な施設を有しているおり環境は充実している。また教育学部があることから教員志望者は要チェック,https://sc.footballnavi.jp/tamagawafootball/page.php?pno=363,40,14,7,8,11,0,0,0,0,0,1,小杉 賢三,サタデーリーグ1チーム,教育学部、経営学部等,,無,,,,無,,可,誰でも入部可,,,,,,,,,玉川大学 記念グラウンド,東京都町田市玉川学園6-1-1,学内人工芝,なし,,,
99,大東文化大学,関東,東京・神奈川1部 ,C：チームと一緒にカテゴリー・地域内での立ち位置を上げていきたい,,C：中堅私大,埼玉県東松山に拠点を構えるチーム。スポーツ推薦はないものの、セレクション等で人数制限をかけていることから、関東リーグ所属大学に近い形式で選手募集を行っている。所属選手は強豪校出身者が多く昨年は2部リーグだったものの実力的には関東昇格に近い大学といえる。常勤スタッフが少ないことがネック,https://daitofc.jimdo.com/,73,17,25,14,17,0,0,0,0,0,1,鈴木 宏尚,サタデーリーグ1チーム、サテライトリーグ1チーム,スポーツ・健康学部、経済学部等,,無,,,,有,夏,不可,セレクションの合格及び、入試合格が必要,,,,,,,,,大東文化大学 東松山キャンパス総合グラウンド,埼玉県東松山市岩殿560,グラウンドは東松山,なし,,,
100,東京大学,関東,東京・神奈川1部 ,D：学生主体の活動でいろんな経験をしたい,E：楽しく本気でサッカーをしたい,F：国公立,学生主体の部運営を行っている。プレー面だけではなくリクルートや広報、国際活動など様々な角度から運営ユニットを形成し、取り組みを進めている。まさしく文武両道を体現するチーム,https://todai-soccer.com/,76,22,27,27,,0,0,0,0,0,2,桑原 徹,サタデーリーグ1チーム、国公立リーグ1チーム,医学部、教育学部、法学部等,,無,,,,無,,可,誰でも入部可,,,,,,,,,東京大学 農学部グラウンド,東京都文京区弥生1-1-1,学内人工芝(公式戦では主に御殿下Gを使用),なし,,,
101,武蔵大学,関東,東京・神奈川1部 ,C：チームと一緒にカテゴリー・地域内での立ち位置を上げていきたい,,C：中堅私大,東京都内の好立地にキャンパス・グラウンドを構えるチーム。指定校などで全国の強豪校からの入部者が多く、レベルの高い選手が揃うが、近年は部員数もそこまで多くない状態で推移している。6年ぶりの1部リーグでどのような活躍ができるか注目。SNSの発信にも力を入れ始めており、要チェック。,https://www.f-togakuren.com/teams/423,42,7,13,11,11,0,0,0,0,0,1,眞田 翔太,なし,経済学部、社会学部等,,無,,,,無,,可,誰でも入部可,,,,,,,,,武蔵大学 朝霞グラウンド,埼玉県朝霞市幸町3-15-13,学内人工芝,なし,,,
102,日本大学文理学部,関東,東京・神奈川1部 ,E：楽しく本気でサッカーをしたい,,C：中堅私大,学生主担で活動する、日本大学の文理学部生のみで構成されたチーム。日本大学サッカー部(関東リーグ所属)がメインチームになることから、文理学部サッカー部が関東リーグへ参入することはできないが、いい雰囲気で上を目指しながら活動している。体育教員を輩出していることでも有名で、日大の中でも特に人気がある。活動は朝練がメインのため、いい意味で時間を有効につかうことが可能,https://chonbo1975.wixsite.com/chonbo,50,6,17,12,15,0,0,0,0,0,0,野口 哲雄,サタデーリーグ1チーム,文理学部体育学科、社会学科、教育学科等,,無,,,,無,,可,誰でも入部可,,,,,,,,,公共施設を利用,公共施設を利用,,なし,,,
103,東京理科大学,関東,東京・神奈川1部 ,D：学生主体の活動でいろんな経験をしたい,E：楽しく本気でサッカーをしたい,B：上位私大,フットボールに打ち込む環境を主体的に作り続けることを理念として掲げ、まさに学生主体で活動をしているチーム。一昨年には学生がスポンサーを獲得したりとオフザピッチで学べることも多い。その中で企業で働きながらサポートしてくれる社会人スタッフの支えもある。理科大学だが文系学部もある,https://tus-footballclub.jimdofree.com/,52,12,17,10,13,0,0,0,0,0,0,安形 直也,サタデーリーグ1チーム,理学部、工学部、経営学部等,,無,,,,無,,可,誰でも入部可,,,,,,,,,公共施設を利用,公共施設を利用,,なし,,,
104,横浜国立大学,関東,東京・神奈川1部 ,D：学生主体の活動でいろんな経験をしたい,E：楽しく本気でサッカーをしたい,F：国公立,神奈川県で常に上位へ食い込み、関東リーグ参入戦などにも出場歴がある。近年グラウンドが人工芝化され環境が整い始めている。国立大学ということもあり、実力ある選手が多く集まるわけではないが、学生同士で切磋琢磨しながら、オンザピッチ、オフザピッチ両面で成長できる環境となっている。,https://ynufc.com/,50,8,18,15,9,0,0,0,0,0,1,中村 貴大,サタデーリーグ1チーム、国公立リーグ1チーム,経済学部、経営学部等,,無,,,,無,,可,誰でも入部可,,,,,,,,,横浜国立大学サッカー場,神奈川県横浜市保土ヶ谷区峰岡町3丁目378-8,学内人工芝,なし,,,
105,桜美林大学,関東,東京・神奈川1部 ,C：チームと一緒にカテゴリー・地域内での立ち位置を上げていきたい,E：楽しく本気でサッカーをしたい,D：それ以外の私大,近年、急速に強化は図っている。2023年からスポーツ推薦での選手獲得を本格スタートし、青山学院大学で長く指導していたスタッフも招聘。東京・神奈川1部に2025年に昇格し、上位争いを繰り広げている。大学としても力を入れて入る様子で環境面に変化がでる可能性も。東京・神奈川リーグから関東3部を狙える数少ないスポーツ推薦がある大学,https://www.obirin.ac.jp/sports/soccer/staff/,45,4,31,9,1,0,0,0,0,0,1,村澤 扶路雄,サタデーリーグ1チーム,健康福祉学群、リベラルアーツ学群,,有,10,3.2,高3夏までに練習参加の上、入部許可必要,有,夏,不可,,,,,,,,,,桜美林大学桜グラウンド,東京都町田市常盤町3758,学内人工芝(サイズ少し小さい),なし,,,
106,上智大学,関東,東京・神奈川2部 ,D：学生主体の活動でいろんな経験をしたい,E：楽しく本気でサッカーをしたい,A：難関私大,THE学生主体を体現するチーム。サッカー面では1部・そして関東昇格を掲げ、現在2部リーグを戦っている。オフザピッチではサッカー教室の実施やウォーキングサッカー教室など学生が企画運営を行いながら地域との繋がりを増やしている。学内グラウンドは土なのがネックになるが公共施設を借りながら活動をしている。,https://sophia-soccer.com/2021/,51,13,12,13,13,0,0,0,0,0,1,森 海渡（学生）,サタデーリーグ1チーム,外国語学部、法学部、理工学部等,,無,,,,無,,可,誰でも入部可,"456,000円〜642,000円/各学期（学部による）","200,000円","105,000円〜175,000円/各学期（学部による）","6,000〜10,000円 / 月","約50,000円",,,,上智大学真田堀運動場,東京都千代田区紀尾井町5-5,グラウンド土(公共施設も使用。秦野キャンパスに天然芝1面あり),なし,,,
107,一橋大学,関東,東京・神奈川2部 ,D：学生主体の活動でいろんな経験をしたい,E：楽しく本気でサッカーをしたい,F：国公立,,https://fcikkyo.com/,64,15,17,18,14,0,0,0,0,0,1,赤星 真一,サタデーリーグ1チーム、国公立リーグ1チーム,経済学部、法学部、商学部等,,無,,,,無,,可,誰でも入部可,,,,,,,,,一橋大学小平国際キャンパスグラウンド,東京都小平市学園西町1丁目29,学内人工芝,なし,,,
108,成城大学,関東,東京・神奈川2部 ,E：楽しく本気でサッカーをしたい,,C：中堅私大,昨季、新チームの初陣となる東京カップ(天皇杯予選)で決勝まで勝ち上がる活躍を見せた。スポーツ推薦はないものの、サッカーが好きな選手があつまり、学内の人工芝グラウンドで活動している。目標だった1部のステージでどのような活躍ができるか要チェック,http://www.seijofootballclub.com/,42,7,15,13,7,0,0,0,0,0,1,大跡 賢介,サタデーリーグ1チーム,経済学部、経営学部等,,無,,,,無,,可,誰でも入部可,,,,,,,,,成城大学 第一、第二グラウンド,東京都世田谷区成城6-1-20,学内人工芝伊勢原にも施設あり,なし,,,
109,東京都立大学,関東,東京・神奈川2部 ,E：楽しく本気でサッカーをしたい,,F：国公立,,https://tmu-soccer.jimdofree.com/,44,9,12,12,11,0,0,0,0,0,1,石橋 理之,サタデーリーグ1チーム、国公立リーグ1チーム,法学部、経済経営学部等,,無,,,,無,,可,誰でも入部可,,,,,,,,,東京都立大学 南大沢キャンパス 球技場,東京都八王子市南大沢1-1,学内人工芝,なし,,,
110,東京科学大学,関東,東京・神奈川2部 ,D：学生主体の活動でいろんな経験をしたい,E：楽しく本気でサッカーをしたい,F：国公立,,https://www.tokyotech-fc.org/,38,5,8,11,14,0,0,0,0,0,1,室田 真男,サタデーリーグ1チーム、国公立リーグ1チーム,工学院、物質理工学院,,無,,,,無,,可,誰でも入部可,,,,,,,,,東京科学大学 大岡山キャンパスグラウンド,東京都目黒区大岡山2-12-1,学内人工芝,なし,,,
111,芝浦工業大学,関東,東京・神奈川2部 ,E：楽しく本気でサッカーをしたい,,B：上位私大,,https://shibaurasoccerofficial.com/,43,7,5,18,13,0,0,0,0,0,1,石﨑 聡之,サテライトリーグ1チーム,工学部、システム理工学部,,無,,,,無,,可,誰でも入部可,,,,,,,,,芝浦工業大学大宮キャンパス総合グラウンド,埼玉県さいたま市見沼区深作307,学内人工芝(大宮キャンパス),なし,,,
112,日本大学生物資源科学部,関東,東京・神奈川2部 ,E：楽しく本気でサッカーをしたい,,C：中堅私大,,https://college-of-bioresource-sciences-nihon-university-f.jimdosite.com/,38,5,12,9,12,0,0,0,0,0,1,諏訪部 健,なし,生物資源科学部,,無,,,,無,,可,誰でも入部可,,,,"30,000円/年",," 約25,000円/年1〜2回",,,日本大学生物資源科学部グラウンド,神奈川県藤沢市亀井野1866,学内人工芝。夜間照明あり,なし,,,
113,創価大学,関東,東京・神奈川2部 ,E：楽しく本気でサッカーをしたい,,D：それ以外の私大,,https://gakuyukai.soka.ac.jp/club/taiiku/clubs/c010.html,30,11,6,8,5,0,0,0,0,0,1,伴 潔俊,なし,経済学部、法学部、教育学部等,,無,,,,無,,可,誰でも入部可,,,,,,,,,創価大学 ビクトリーグラウンド,東京都八王子市丹木町1-236,学内人工芝,なし,,,
114,工学院大学,関東,東京・神奈川2部 ,E：楽しく本気でサッカーをしたい,,D：それ以外の私大,,https://sites.google.com/view/kogakuinsoccer/,40,1,16,14,9,0,0,0,0,0,1,徳永 正明,なし,工学部,,無,,,,無,,可,誰でも入部可,,,,,,,,,工学院大学 八王子キャンパスグラウンド,東京都八王子市中野町2665-1,学内人工芝(八王子キャンパス),なし,,,
115,神奈川工科大学,関東,東京・神奈川2部 ,E：楽しく本気でサッカーをしたい,,D：それ以外の私大,,https://www.instagram.com/kaitfootball/,40,40,,,,0,0,0,0,0,1,齋藤 雄二郎,なし,工学部、情報学部,,有,,,スポーツ推薦での受験希望者に対しては、出願前に大学主催の 練習会・セレクションが実施される。セレクション参加希望者は事前にサッカー部宛にメール連絡を入れ、練習会に招かれる形となる。,有,年数回開催,可,誰でも入部可,,,,,,,,,神奈川工科大学グラウンド,神奈川県厚木市下荻野1030,全面人工芝。観客席（約510席）や防球ネットも完備されており、大学所有の専用サッカーグラウンドとして充実している。,なし,,,
116,東京外国語大学,関東,東京・神奈川3部 ,D：学生主体の活動でいろんな経験をしたい,E：楽しく本気でサッカーをしたい,F：国公立,,https://tufsfchp.wixsite.com/home,36,9,10,6,11,0,0,0,0,0,1,大崎 建,なし,言語文化学部、国際社会学部,,無,,,,無,,可,誰でも入部可,,,,,,,,,東京外国語大学グラウンド,東京都府中市朝日町3-11-1,学内人工芝,なし,,,
117,横浜市立大学,関東,東京・神奈川3部 ,E：楽しく本気でサッカーをしたい,,F：国公立,,https://ycu-football.com/,18,,10,8,,0,0,0,0,0,2,木下 郁雄,なし,金沢八景キャンパスの各学部（国際商学部・国際教養学部を中心に、理学部やデータサイエンス学部の学生も在籍）,,無,,,,無,,可,誰でも入部可,,,,,,,,,横浜市立大学 第1グラウンド,横浜市金沢区瀬戸22-2,第2グラウンドは全面人工芝で夜間照明設備あり。ただし、正規サイズがなく、公式戦では使用できない。,なし,,,
118,武蔵野大学,関東,東京・神奈川3部 ,E：楽しく本気でサッカーをしたい,,C：中堅私大,,https://www.instagram.com/musashino_soccer/?hl=ja,34,6,6,11,11,0,0,0,0,0,1,諸岡 良徳,なし,,,無,,,,無,,可,誰でも入部可,,,,,,,,,武蔵野大学武蔵野キャンパス松芝園グラウンド,東京都西東京市新町1丁目1番20号,学内人工芝(武蔵野キャンパス),なし,,,
119,国際基督教大学,関東,東京・神奈川3部 ,D：学生主体の活動でいろんな経験をしたい,E：楽しく本気でサッカーをしたい,A：難関私大,,https://icufc.com/,35,1,9,13,12,0,0,0,0,0,1,有元 健,なし,教養学部,,無,,,,無,,可,誰でも入部可,,,,,,,,,国際基督教大学グラウンド,東京都三鷹市大沢3-10-2,学内人工芝,なし,,,
120,日本文化大學,関東,東京・神奈川3部 ,C：チームと一緒にカテゴリー・地域内での立ち位置を上げていきたい,,D：それ以外の私大,中央大学出身で元Jリーガーの新井氏が監督を務め、スタッフも経験豊かが若手人材がそろっている。グラウンドも新設し、環境も整っており、スポーツ推薦等での選手獲得にも力を入れていることから、今後カテゴリーや競技力が上がることが想定される。Bチームは社会人リーグに加盟し、A・Bともに公式戦で戦う環境が整っている。,https://www.instagram.com/nihonbunka_soccer/,19,,8,10,1,0,0,0,0,0,2,新井 辰也,東京都社会人サッカーリーグ4部 1チーム、サテライトリーグ1チーム,法学部,,有,,,,無,,条件有,入試前に練習参加必須,,,,,,,,,NICHIBUN　SAKURA　FIELD,東京都八王子市小比企町1658番地,"キャンパス内人工芝1面
キャンパス外に国際規格のサッカー専用人工芝1面",なし,,,
121,防衛大学校,関東,東京・神奈川3部 ,E：楽しく本気でサッカーをしたい,,F：国公立,,http://www.nda.ac.jp/ed/soccer/,46,13,10,9,14,0,0,0,0,0,1,小圷 昭仁,なし,理工学系では電気電子工学科・機械工学科・航空宇宙工学科など、文系では国際関係学科・人間文化学科など幅広く在籍 ,,無,,,,無,,可,誰でも入部可,,,,,,,,,防衛大学校サッカー場,神奈川県横須賀市走水1-10-20,人工芝の専用サッカーグラウンド（夜間照明設備付き）トレーニングルーム完備,なし,,,
122,都留文科大学,関東,東京・神奈川3部 ,E：楽しく本気でサッカーをしたい,,F：国公立,,https://www.instagram.com/tsuru_fc/,30,7,8,8,7,0,0,0,0,0,1,堀 泰伸,なし,教養学部、文学部,,無,,,,無,,可,誰でも入部可,,,,,,,,,都留文科大学グラウンド,山梨県都留市田原3丁目8,学内土グラウンド,なし,,,
123,電気通信大学,関東,東京・神奈川3部 ,E：楽しく本気でサッカーをしたい,,F：国公立,,http://www.dentsusoccer.club.uec.ac.jp/,29,4,4,10,11,0,0,0,0,0,1,安藤 創一,なし,,,無,,,,無,,可,誰でも入部可,,,,,,,,,電気通信大学多摩川運動場,東京都調布市多摩川7-38-1,土グラウンド,なし,,,
124,東京農工大学,関東,東京・神奈川3部 ,E：楽しく本気でサッカーをしたい,,F：国公立,,https://redondoprincipe.wixsite.com/tuat-soccerclub,30,0,8,5,17,0,0,0,0,0,1,宇佐美 慶人,なし,工学部、農学部,,無,,,,無,,可,誰でも入部可,,,,,,,,,東京農工大学 府中キャンパスグラウンド,東京都府中市幸町3-5-8,土グラウンド,なし,,,
125,北里大学,関東,東京・神奈川チャレンジ ,E：楽しく本気でサッカーをしたい,,C：中堅私大,,https://www.instagram.com/kitasato_soccer/,41,5,12,8,16,0,0,0,0,0,1,関 将志,なし,医学部,,無,,,,無,,可,誰でも入部可,,,,,,,,,北里大学 相模原キャンパス第一総合グラウンド,神奈川県相模原市南区北里1-15-1,土グラウンド,なし,,,
126,東京薬科大学,関東,東京・神奈川チャレンジ ,E：楽しく本気でサッカーをしたい,,C：中堅私大,,@touyaku_tuff,28,,10,15,3,0,0,0,0,0,1,学生のみ,なし,薬学部,,無,,,,無,,可,誰でも入部可,,,,,,,,,東京薬科大学グラウンド,東京都八王子市堀之内1432-1,土グラウンド,なし,,,
127,明星大学,関東,東京・神奈川チャレンジ ,E：楽しく本気でサッカーをしたい,,D：それ以外の私大,,@meiseisoccer,22,0,9,6,7,0,0,0,0,0,1,矢吹 和宏,なし,教育学部,,無,,,,無,,可,誰でも入部可,,,,,,,,,明星学苑多摩グラウンド,東京都日野市程久保5丁目,土グラウンド,なし,,,
128,和光大学,関東,東京・神奈川チャレンジ ,E：楽しく本気でサッカーをしたい,,D：それ以外の私大,,https://wakosoccoer.web.fc2.com/soccer.html,25,10,5,5,5,0,0,0,0,0,1,矢田 秀昭,なし,現代人間学部、経済経営学部,,無,,,,無,,可,誰でも入部可,,,,,,,,,和光大学第一グラウンド,東京都町田市金井ヶ丘5丁目1,全面人工芝（大学キャンパス内にあり、夜間照明完備） ,なし,,,
129,松蔭大学,関東,東京・神奈川チャレンジ ,E：楽しく本気でサッカーをしたい,,D：それ以外の私大,,https://www.footballnavi.jp/shoin/,21,7,2,8,4,0,0,0,0,0,1,植田 龍之介,なし,経営文化学部、コミュニケーション文化学部等,,有,,,,無,,可,誰でも入部可,,,,,,,,,松蔭大学湘南グラウンド,神奈川県平塚市大神3489-1,学内人工芝,なし,,,
130,横浜商科大学,関東,東京・神奈川チャレンジ ,E：楽しく本気でサッカーをしたい,,D：それ以外の私大,,https://www.shodai.ac.jp/campuslife/club/soccer/,25,25,,,,,0,0,0,0,1,森 孝一,なし,商学部の各学科・コース,,無,,,,無,,可,誰でも入部可,,,,,,,,,横浜商科大学みどりキャンパス総合グラウンド,神奈川県横浜市緑区西八朔町776,みどりキャンパス総合グラウンド人工芝化工事が行われている,なし,,,
131,東京都市大学,関東,東京・神奈川チャレンジ ,E：楽しく本気でサッカーをしたい,,C：中堅私大,,https://www.instagram.com/toshidai_soccer?igsh=NmZkeDVscnR6Nmxm,30,30,,,,0,0,0,0,0,1,学生主体,なし,理工学部、建築都市デザイン学部,,無,,,,無,,可,,,,,,,,,,東京都市大学多目的グラウンド,東京都世田谷区鎌田1-16-1,"青色のロングパイル人工芝
夜間照明設備あり",なし,,,
132,上武大学,関東,Norte1部 ,C：チームと一緒にカテゴリー・地域内での立ち位置を上げていきたい,,E：スポーツ系私大,北関東で常に上位入りする大学。人工芝2面やクラブハウスを有し、スポーツに力を入れている大学。都県リーグ勢では珍しく社会人リーグにもＢチームが所属しており、群馬県で上位に入っている。部員数が多いものの、各カテゴリーで試合機会も多く、這い上がりたい選手にはおすすめ,https://jobuuniv-fc.com/,130,47,32,18,33,0,0,0,0,0,2,田坂 和昭,インディペンデンスリーグ関東1部 1チーム、チャレンジリーグ(CL)1チーム,ビジネス情報学部,,有,50,,入試前に練習参加し、認められた選手,有,,条件有,入試前に練習参加必須,,,,,,,,,上武大学 サッカー場・陸上競技場,群馬県伊勢崎市戸谷塚町634-1,学内人工芝,あり,,,
133,尚美学園大学,関東,Norte1部 ,C：チームと一緒にカテゴリー・地域内での立ち位置を上げていきたい,F：選手以外の形でサッカーと関わりたい,E：スポーツ系私大,"2024年Norte1部優勝。関東大会第3位で作新学院大学との関東3部参入POを戦うも敗戦。2年連続の入れ替え戦敗退となった。過去、関東2部に所属経験もある埼玉県で常に上位に入る大学。学校からのサポート体制も手厚くS級所持者が3名おり指導にあたっている。部費も月3,000円で格安で学力優秀者には免除をするなどサッカーだけではなく勉強面もサポート。学内にグラウンドを有しており、サッカーにも打ち込むことができる。2024年から新体制となりスタッフが全員OBとなった。",https://www.footballnavi.jp/shobi-univ/,130,27,35,41,27,0,0,0,0,0,1,星野 泰聖,インディペンデンスリーグ関東2部 2チーム、サテライトリーグ1チーム、チャレンジリーグ(CL)1チーム,スポーツマネジメント学部,,有,30,3,学部の数に限りがあるため時期によっては選べない可能性がある,無,,条件有,入試前に練習参加必須高校指導者からの推薦が必要一般入部は仮入部を経て決定,,,,,,,,,尚美学園大学サッカー場,埼玉県川越市豊田町1丁目1-1,学内人工芝,なし,,,
134,埼玉工業大学,関東,Norte1部 ,C：チームと一緒にカテゴリー・地域内での立ち位置を上げていきたい,,D：それ以外の私大,過去、Jリーガーも数名輩出しているチーム。朝練が基本中心となる。監督は国士舘大学OBでGKだったこともあり、多くのGKを次のステージへ輩出している。長年このチームを率いており、手厚く学生をサポートしている。今季はNORTE1部上位へ食い込み、関東大会出場争いを展開。関東リーグ昇格を目指す。,https://www.saiko-fc.com/,48,9,14,12,13,0,0,0,0,0,1,今成 和尚,チャレンジリーグ(CL)1チーム,人間社会学部,,有,10,,入試前に練習参加し、認められた選手,無,,条件有,入試前に練習参加必須,,,,,,,,,埼玉工業大学フットボールパーク,埼玉県深谷市普済寺1690,学内人工芝,なし,,,
135,足利大学,関東,Norte1部 ,E：楽しく本気でサッカーをしたい,,D：それ以外の私大,栃木県にある理系大学。監督は関東連盟副理事長を務めている谷田部氏が務め、選手をサポートしている。グラウンドは足利市と提携事業でつくられた「あしスタ」を利用し、地域との繋がりも大切にしている。夏に練習会も用意されているため興味がある選手は参加してみよう,https://www2.ashitech.ac.jp/club/soccer/,32,8,13,6,5,0,0,0,0,0,1,谷田部 將司,チャレンジリーグ(CL)1チーム,工学部等,,無,,,,無,夏,可,誰でも入部可,,,,,,,,,足利市西部多目的運動場,栃木県足利市大前町268番地1,市の人工芝施設,なし,,,
136,白鷗大学,関東,Norte1部 ,D：学生主体の活動でいろんな経験をしたい,,D：それ以外の私大,栃木県にある教育系に強みを持つ大学。学内に人工芝をもち、監督がいながらも学生で考え行動することに重きを置いている。そのようなスタイルもあり、これまで教員や公務員を多く輩出してきた。Bチームは栃木県1部に所属し良いレベル感での出場機会が用意されている。また地域貢献活動にも力をいれており、FC CASAとの連携でスクール活動のサポートなども実施している。,https://hakuohsoccer.club/,54,16,23,15,,0,0,0,0,0,1,吉永 広人,栃木県社会人リーグ2部A,経営学部、教育学部等,,有,5,3.3,入試前に練習参加し、認められた選手,無,,可,誰でも入部可,,,,,,,,,白鷗大学大行寺キャンパスサッカー場,栃木県小山市大行寺1117,学内人工芝,なし,,,
137,埼玉大学,関東,Norte1部 ,D：学生主体の活動でいろんな経験をしたい,,D：それ以外の私大,埼玉県の国立大学で教員養成に強みをもつ大学。監督は元Jリーガーで教授である菊原氏。自律した人材輩出を目指し、トレーニングも学生が中心となり学びながら組み立てている。グラウンドは天然芝を保有しておりこれも学生で管理をしている、公共施設の人工芝を使用することも多い。まじめな選手が多い印象。,https://park.saitama-u.ac.jp/~student_support/wp-content/uploads/2022/02/123.pdf,46,46,,,,0,0,0,0,0,1,菊原 伸郎,国公立リーグ1チーム,教養学部、経済学部等,,無,,,,無,,可,誰でも入部可,,,,,,,,,埼玉大学サッカー場,埼玉県さいたま市桜区下大久保,天然芝,なし,,,
138,駿河台大学,関東,Norte1部 ,C：チームと一緒にカテゴリー・地域内での立ち位置を上げていきたい,,E：スポーツ系私大,近年、部員数も増え、選手獲得にも力をいれる埼玉県に所在する大学。監督は過去神奈川大学などでも指揮を執った高峯氏。チームの取り組みとしてチームビルディングなども取り入れながらより「考える」要素も加え強化を図っている。トレーニングは基本朝練が中心。近年スポーツ科学部も設置され保健体育教員免許も取得可能。2024年はNorte1部で上位に食い込み関東大会出場争いを最終節まで展開するも、惜しくも関東大会出場ならず,https://surugadai-fc.com/,75,9,24,28,14,0,0,0,0,0,1,髙峯 弘樹,サタデーリーグ1チーム,スポーツ科学部、法学部等,,有,20,3,都道府県ベスト16以上,無,,条件有,入試前に練習参加必須,,,,,,,,,駿河台大学陸上競技場,埼玉県飯能市阿須,学内人工芝,なし,,,
139,文教大学,関東,Norte1部 ,D：学生主体の活動でいろんな経験をしたい,,C：中堅私大,教員採用率が全国TOPレベルを誇る大学。それもあり学生主体運営を打ち出し、監督はいるもののトレーニングメニューやメンバー選考、各種イベントなども学生が中心となり運営している。サッカー人生史上最も熱い時間を過ごすことを理念として標ぼうしており、人としての成長を促している。チームの雰囲気は良いと評判,https://www.bunkyo-fc.com/,46,6,10,17,13,0,0,0,0,0,1,藤原 良浩,サテライトリーグ1チーム,教育学部、文学部、経営学部他,幼稚園・小・中・高教員免許(全科目)、学校図書館司書、日本語教員、社会教育主事、社会教育士、社会福祉士、社会調査士,無,,,,無,,可,誰でも入部可,"772,000円～847,000円(学部による)","280,000円","270,000円","13,000円 / 月","30,000円＋α","年1回 40,000円程度",,,文教大学第3グラウンド,埼玉県越谷市砂原378-1,学校人工芝,なし,,企業就職69％、教員25％、公務員6％、越谷キャンパスでは教員が40％,
140,常磐大学,関東,Norte1部 ,C：チームと一緒にカテゴリー・地域内での立ち位置を上げていきたい,,D：それ以外の私大,茨城県に所在し、水戸ホーリーホックと提携をしている。監督は今季から過去城西大学で関東リーグ出場や天皇杯出場を果たした経験を持つ猿山氏が就任。北関東の選手が多いが、今後選手獲得に力を入れ強化を図るのではとみられる。昨年はNorte1部で下位となり2部降格となったが、1年で1部復帰が決定。今後の動向に注目,https://tokiwafootball13.wixsite.com/tokiwafiitball13,44,5,11,9,19,0,0,0,0,0,1,猿山 誠,なし,人間科学部、総合政策学部等,,有,,,都道府県大会出場夏のセレクション参加必須,有,夏,可,誰でも入部可,,,,,,,,,常磐大学見和キャンパス「見和グラウンド」人工芝サッカー場,茨城県水戸市見和1-430-1,学内人工芝（サイズは小さい）,なし,,,
141,平成国際大学,関東,Norte1部 ,C：チームと一緒にカテゴリー・地域内での立ち位置を上げていきたい,,E：スポーツ系私大,2025年関東3部からNorte1部に降格。埼玉県所在。監督が元Jリーガーであり、自分で考える力を養うことを目指している。学生が中心となりスクール活動なども実施している。大学自体は公務員に強く、警察官や消防士などを目指している選手にはおすすめ。,http://www.hiu-soccer.com/,95,20,15,26,34,0,0,1,0,0,1,冨士 祐樹,サテライトリーグ1チーム、チャレンジリーグ(CL)1チーム,スポーツ健康学部等,,有,30,3,特待あり,無,,条件有,練習参加で入試前に合格必要(30名程度),,,,,,,,,平成国際大学サッカー場,埼玉県加須市水深大立野2000,学内人工芝,なし,,,
142,東洋大川越,関東,Norte2部 ,E：楽しく本気でサッカーをしたい,,D：それ以外の私大,埼玉県にある東洋大学の川越キャンパスのサッカー部。本家は関東1部に所属する東洋大学のため、関東リーグへは参入できないチームだが「脱サークル」を掲げ、本気でサッカーに打ち込んでいる。昨年2部3位となり、1部昇格を決めたが1年での降格が決まった。,https://toyokawagoefc.wixsite.com/toyo-kawagoefc,48,12,10,14,12,0,0,0,0,0,1,福井 裕希,なし,理工学部、総合情報学部等,,無,,,,無,,可,誰でも入部可,,,,,,,,,東洋大学川越Hグラウンド,埼玉県川越市吉田,学内人工芝,なし,,,
143,茨城大学,関東,Norte2部 ,E：楽しく本気でサッカーをしたい,,F：国公立,,https://www.instagram.com/ibaraki_univ_fc/,25,25,,,,0,0,0,0,0,1,吉野 聡,なし,教育学部、工学部、理学部、人文社会科学部,,無,,,,無,,可,誰でも入部可,,,,,,,,,茨城大学水戸キャンパス陸上競技場,茨城県水戸市文京2丁目1-1,天然芝コート,なし,,,
144,群馬大学,関東,Norte2部 ,E：楽しく本気でサッカーをしたい,,F：国公立,,https://www.instagram.com/gufc_spts/,25,25,,,,0,0,0,0,0,1,監督不在（学生主体）,なし,医学部、共同教育学部、情報学部、理工学部,,無,,,,無,,可,誰でも入部可,,,,"3,000 / 月","25,000円",,,,群馬大学荒牧キャンパスグラウンド,群馬県前橋市荒牧町4-2,"• 天然芝コートを日常的に利用
• オムニコート（人工芝）もサブグラウンドとして活用",なし,,,
145,宇都宮大学,関東,Norte2部 ,E：楽しく本気でサッカーをしたい,,F：国公立,,https://www.instagram.com/_uu.soccer_/,27,4,13,10,,0,0,0,0,0,1,監督不在（学生主体）,なし,データサイエンス経営学部、共同教育学部、農学部、工学部,,無,,,,無,,可,誰でも入部可,,,,,,,,,宇都宮大学峰キャンパスグラウンド,栃木県宇都宮市峰町350,"• 主な練習場は天然芝コート
• 人工芝（専用ピッチ）はなし
• 学生主体でフィールドを整備・管理",なし,,,
146,育英大学,関東,Norte2部 ,C：チームと一緒にカテゴリー・地域内での立ち位置を上げていきたい,,E：スポーツ系私大,新たにサッカー部を新設した、新興勢力。大学としてもプレーヤーコースと指導者育成コースを設置し、力をいれた尖ったカリキュラムを構成しており、寮生活をはじめ、整った環境が魅力的。監督の萩原氏は日本体育大学や四日市大学の指導経験を持つ指導者。4年以内での関東3部昇格を掲げている。,https://www.ikuei-g.ac.jp/university/ikuei-football-club/,17,0,0,0,17,0,0,0,0,0,1,萩原 直斗,なし,教育学部,"幼稚園教諭一種
小学校教諭一種
中学校教諭一種(保体)
高等学校教諭一種(保体)
健康運動指導士
スポーツインストラクター
保育士資格
アシスタントマネジャー
コーチ1
C級コーチ",有,,,,,,,練習参加で入試前に合格必要,,,,,,,,,前橋育英高校高崎グラウンド,群馬県高崎市島野町1046-1,,あり（全寮制）,,,"小・中・高の教員
警察官・消防官
健康運動指導士
スポーツインストラクター
クラブマネジャー
プロサッカー選手"
147,日本ウェルネススポーツ大学,関東,Norte2部 ,C：チームと一緒にカテゴリー・地域内での立ち位置を上げていきたい,,E：スポーツ系私大,,https://www.footballnavi.jp/wellness_univ/,50,50,,,,0,0,0,0,0,1,村田 信行,なし,スポーツプロモーション学部 スポーツプロモーション学科 （スポーツ系の単一学部・学科のみ）,,有,20,3,,有,夏,可,練習参加で入試前に合格必要,,,,,,,,,日本ウェルネススポーツ大学サッカー部グラウンド,茨城県北相馬郡利根町布川1377,学内人工芝,なし,,,
148,日本薬科大学,関東,Norte2部 ,E：楽しく本気でサッカーをしたい,,D：それ以外の私大,,https://www.nichiyaku.ac.jp/soccerclub/,19,19,,,,0,0,0,0,0,1,清水 純也,なし,スポーツ薬学コース,,有,,3,,無,,可,7月頃に練習会実施。練習参加で入試前に合格必要,,,,,,,,,日本薬科大学グラウンド,埼玉県北足立郡伊奈町小室10281,天然芝(サイズ正規なし),なし,,,
149,高崎経済大学,関東,Norte2部 ,E：楽しく本気でサッカーをしたい,,C：中堅私大,,https://www.takeki-afc.com/,31,1,11,9,10,0,0,0,0,0,,石坂 幸雄,なし,経済学部、地域政策学部,,無,,,,無,,可,誰でも入部可,,,,,,,,,高崎経済大学グラウンド,群馬県高崎市上並榎町1300,,,,,
150,獨協大学,関東,Norte2部 ,E：楽しく本気でサッカーをしたい,,C：中堅私大,2024年リーグ戦の結果、Norte2部へ降格。埼玉県内では学力的にも高く、有力選手が指定校などで入るケースが多い。これまで筑波大学院生がスタッフを務め、モダンなサッカーを展開しており、他大学からの評価も高い。(監督が退任し、後任は未定 / 2025年夏) 文武両道をしていきたい選手にはおすすめ。チームの雰囲気はガチガチタイプというよりは学生メインで少しゆるめ,https://www.dokkyo.ac.jp/campuslife/students_association/list/athletic_division.html,102,102,,,,0,0,0,0,0,1,小泉 洋生(コーチ),チャレンジリーグ(CL)1チーム,法学部、外国語学部等,,無,,,,無,,可,誰でも入部可,,,,,,,,,獨協大学サッカー場,埼玉県草加市学園町1−1,学内人工芝,なし,,,
151,新潟医療福祉大学,北信越,北信越1部 ,A：大学経由でプロを目指したい,,D：それ以外の私大,2022年インカレ準優勝、2024年総理大臣杯、インカレ準優勝の北信越の強豪。アルビレックス新潟と提携しアルビレッジ(アルビレックス新潟の施設)で活動をしている。監督は中村俊輔を高校時代に指導した佐熊氏。スタッフも元Jリーガーをはじめ大学指導経験豊富な人員が指導にあたる。社会人リーグやIリーグなど1・2年生から試合経験を積める環境が整っている。近年Jリーガーも多く輩出,https://www.nuhw.ac.jp/sport/soccer/,136,27,31,41,37,2,3,4,7,8,2,佐熊 裕和,北信越社会人リーグ1部 1チーム、2部1チーム / 新潟県社会人1部 1チーム / インディペンデンスリーグ北信越 3チーム,リハビリテーション学部、健康科学部等,,有,25,,,無,,不可,スポーツ推薦のみ / 練習参加で入試前に合格必要,,,,,,,,,NUHW FOOTBALL FIELD,新潟県新潟市北区島見町784-1,"アルビレッジにてトレーニング
2024年度、大學構内に新グラウンドが完成",あり（全寮制）,,,
152,北陸大学,北信越,北信越1部 ,C：チームと一緒にカテゴリー・地域内での立ち位置を上げていきたい,D：学生主体の活動でいろんな経験をしたい,D：それ以外の私大,総監督が筑波大OBでS級保持者であり、プレーはもちろんながらサッカーに関わる業務について深く学べる環境を用意しており、深くサッカーに触れることができる。施設も人工芝２面にトレーニングルームやミーティングルームを完備したJクラブに匹敵した環境。指導者資格取得できたり指導を学ぶ上でも様々なチャレンジができる。,https://footballnavi.jp/hokuriku/,47,14,13,13,7,1,0,0,2,3,2,西川 周吾,北信越社会人リーグ1部 1チーム / インディペンデンスリーグ北信越 1チーム,医療法県学部、経済経営学部等,,有,25,,,無,,条件有,練習参加及び面接で入試前に合格必要,,,,,,,,,北陸大学フットボールパーク,石川県金沢市太陽が丘3丁目,2面＋クラブハウスで充実,あり（全寮制）,,,
153,新潟経営大学,北信越,北信越1部 ,C：チームと一緒にカテゴリー・地域内での立ち位置を上げていきたい,,D：それ以外の私大,近年、他大学の台頭により全国大会には絡めていないが、過去多くの全国大会へ出場歴を持つ。スカウティングに力を入れており、全国から多くの選手が集まっている。監督は長年、新潟経営大学で指導する赤松氏(東海大OB)。トレーニング施設も充実しており、スポーツ学部もあるため、スポーツについて深く学ぶことができる環境,https://www.niigataum.ac.jp/guidance/circle/soccer/,84,15,20,19,30,0,1,0,2,3,1,杉山 学,北信越社会人リーグ1部 1チーム / 新潟県社会人1部 1チーム / インディペンデンスリーグ北信越 2チーム,経営情報学部等,,有,30,,全国大会出場,有,,不可,練習参加で入試前に合格必要,,,,,,,,,新潟経営大学人工芝グラウンド,新潟県加茂市希望ケ丘2909-2,,なし,,,
154,松本大学,北信越,北信越1部 ,B：自分がどこまで上を目指せるか挑戦したい,,D：それ以外の私大,松本山雅FCと提携し、コーチ派遣や練習参加など繋がりを強化している。選手の個性を重視したパスサッカーを展開。大学のサポートも手厚く、集中してサッカー、学業に取り組める環境が整っている。2022年には松本山雅と長野パルセイロに選手を輩出しており、地元クラブと密接な関係を築いている、入部についてはスポーツ推薦者のみで事前の練習参加やセレクションへの参加が必須。近年は拓殖大学ヘッドコーチとして関東上位進出に導いた青木コーチを招聘し、さらにスタイルに磨きをかけている。,https://matsumoto-univ-soccer.com/,72,12,20,25,15,0,0,1,3,3,1,齊藤 茂,北信越社会人リーグ2部 1チーム / インディペンデンスリーグ北信越 1チーム,スポーツ健康学部、人間健康学部等,,有,15,3,総合型選抜（指定競技）入試 ,有,夏,不可,練習参加 or セレクションで入試前に合格必要,,,,,,,,,松本大学総合グラウンド,長野県松本市新村2095-1,,なし,,,
155,金沢学院大学,北信越,北信越1部 ,C：チームと一緒にカテゴリー・地域内での立ち位置を上げていきたい,,D：それ以外の私大,近年急速に強化を図っている新興勢力。監督は元Jリーガーの太田氏で、スタッフにも若手で様々な経歴を持つメンバーが揃っている。下剋上を掲げ、TOPチームのみならず、Bチームも北信越社会人2部へ昇格し、成長できる環境が整い始めている。,https://kgu-football.studio.site/,89,14,29,22,24,0,0,0,4,1,2,太田 康介,北信越社会人リーグ2部 1チーム / 石川県社会人リーグ1部 1チーム / インディペンデンスリーグ北信越 2チーム,スポーツ科学部、教育学部、経済学部、文学部、栄養学部,,有,,,,,,,,,,,,,,,,金沢学院大学グリーンフィールドⅡ,石川県金沢市辰巳町イ,,,,,
156,新潟産業大学,北信越,北信越1部 ,C：チームと一緒にカテゴリー・地域内での立ち位置を上げていきたい,,D：それ以外の私大,,https://sites.google.com/view/nsufootboll/,45,14,9,7,15,0,0,0,2,0,,岡村 宜城,新潟県社会人リーグ 1チーム / インディペンデンスリーグ北信越 1チーム,経済学部,,有,,,,,,,,,,,,,,,,新潟産業大学グラウンド,新潟県柏崎市軽井川4730,,,,,
157,福井工業大学,北信越,北信越1部 ,C：チームと一緒にカテゴリー・地域内での立ち位置を上げていきたい,,D：それ以外の私大,,https://sc.footballnavi.jp/fut-soccer-ut/,31,10,6,5,10,0,0,0,0,0,,原 美彦,福井県大学リーグ 1チーム,スポーツ健康科学科、経営情報学科、建築土木工学科、機械工学科、電気電子情報工学科,,有,,,,無,,,,,,,,,,,,福井工業大学あわらキャンパスサッカー場,福井県あわら市北潟213−1,,,,,"福井県庁／福井県警察本部／三重県教育委員会／聖隷クリストファー高等学校／洛陽総合高等学校 / 福邦銀行／富山第一銀行／ト－エネック／大鉄工業／ジェイアール東海建設／大日本土木／きんでん／日本海建興／梶間幸建／岸本建設／旭ハウス工業／藤原工業／栗東積水工業／澁谷工業／ファーストウッド／金田工業／ミツワ／ドラフト／アール･シ－･システム／エーエスエムエル･ジャパン／えちぜん鉄道／三重執鬼／轟産業／福井トヨタ自動車／北陸マツダ／MIRAI HOME／イーピーエム・コーポレーション／森康／イガラシ／クスリのアオキ／OSCAR　J.J／北陸コカ・コーラボトリングワイズ／エステート杭瀬／浜松損害保険サービス／BuySell Technologies／えちご上越農業協同組合／ブランデュー弘前ＦＣ        
／ワイズ／エステート杭瀬／浜松損害保険サービス／BuySell Technologies／えちご上越農業協同組合／ブランデュー弘前ＦＣ"
158,金沢星稜大学,北信越,北信越1部 ,C：チームと一緒にカテゴリー・地域内での立ち位置を上げていきたい,D：学生主体の活動でいろんな経験をしたい,D：それ以外の私大,,https://www.instagram.com/kanazawa_seiryo/,30,30,,,,1,0,0,1,2,1,小松崎 保,なし,人間科学部（スポーツ学科）と経済学部,,有,,,大学が指定する競技種目（サッカー等）で顕著な実績を持ち、クラブ顧問（監督）が推薦する者が対象,無,,可,,,,,,,,,,星稜大学サッカー場,石川県金沢市御所町丑10,学内人工芝(星稜高校と共同),なし,,,
159,信州大学,北信越,北信越2部 ,D：学生主体の活動でいろんな経験をしたい,E：楽しく本気でサッカーをしたい,F：国公立,,shinshu-all-soccer.amebaownd.com,56,1,15,18,22,0,0,0,0,0,1,奥田 真央,なし,教育学部、工学部、理学部、経済学部、繊維学部,,無,,,,無,,可,,,,,,,,,,信州大学長野（教育）キャンパスグラウンド,長野県長野市西長野6のロ,天然芝1面（松本キャンパス）,なし,,,
160,金沢大学,北信越,北信越2部 ,E：楽しく本気でサッカーをしたい,,F：国公立,「金沢大学スポーツ・地域活性化ドリームプロジェクト」の下、民間資本を活用した施設整備が行われ、平成30年に国立大学では珍しく複数面の人工芝ピッチや照明設備、クラブハウスが完成した。1部と2部の往復を強いられているが、1部リーグ定着を目指して『Together for the Challenge』の下での挑戦を続けている。,https://www.ed.kanazawa-u.ac.jp/~masuda/kufc/,56,9,13,26,8,0,0,0,0,0,1,山本 信忠,インディペンデンスリーグ北信越 1チーム,保健学類、人文学類、学校教育学類、法学類、スマート創成科学類,,無,,,,無,,,,,,,,,,,,金沢大学角間キャンパス運動場,石川県金沢市角間町,学内人工芝,,,,
161,上越教育大学,北信越,北信越2部 ,E：楽しく本気でサッカーをしたい,,C：中堅私大,,https://www.instagram.com/juen_soccer_2025_?igsh=MWx0c2psY2R5Y3lkMw==,15,7,2,6,,0,0,0,0,0,1,井上 久祥,なし,学校教育学部,,無,,,,無,,可,,,,,,,,,,上越教育大学運動場,新潟県上越市山屋敷町1,"天然芝グラウンド（ナイター照明なし）
学内体育館あり（屋内練習可）",なし,,,
162,福井県立大学,北信越,北信越2部 ,E：楽しく本気でサッカーをしたい,,F：国公立,,https://www.instagram.com/fpu.soccerclub?igsh=MXUxa290bmtqNmFkcQ==,20,4,5,11,,0,0,0,0,0,1,飛田 正之,なし,経済学部（経済・経営）、生物資源学部（主に永平寺キャンパスの学生）,,無,,,,無,,可,,,,,,,,,,福井県立大学永平寺キャンパスグランド,福井県吉田郡永平寺町松岡兼定島4−1−1,"天然芝グラウンド（人工芝なし、照明設備なし）
冬季は積雪のため室内（体育館）練習あり",なし,,,
163,福井大学,北信越,北信越2部 ,E：楽しく本気でサッカーをしたい,,F：国公立,,https://www.instagram.com/fukudai_soccerclub?igsh=ampicXJtb3N2cG40,30,30,,,,0,0,0,0,0,1,山下 綱章,福井県大学リーグ 1チーム,教育学部、工学部,,無,,,,無,,可,,,,,,,,,,福井大学文京キャンパスグラウンド,福井県福井市文京3−9−1,"• 学内は土のグラウンド
• 福井市フットボールセンターの人工芝ピッチを使用（ナイター設備あり）",なし,,,
164,金沢工業大学,北信越,北信越2部 ,E：楽しく本気でサッカーをしたい,,D：それ以外の私大,,https://www.instagram.com/kit_soccer2021?igsh=MTFlNDFsejk4MG1paw==,25,5,10,10,,0,0,0,0,0,1,西岡 圭太,なし,工学部、環境建築学部、バイオ・化学部、情報系学部,,無,,,,無,,可,,,,,,,,,,金沢工業大学扇が丘キャンパスグラウンド,石川県野々市市扇が丘7−1,"学内グラウンドは天然芝
人工芝グラウンドなし",なし,,,
165,富山大学,北信越,北信越2部 ,E：楽しく本気でサッカーをしたい,,F：国公立,,https://toyama-univ-fc.jimdofree.com,40,40,,,,0,0,0,0,0,1,クーパー・トッド,なし,人間発達科学部（地域スポーツコース）,,無,,,教育学部の総合型選抜にスポーツ実践型という入試区分あり,無,,可,,,,,,,,,,富山大学五福キャンパス運動場,富山県富山市五福3190,"天然芝グラウンド（人工芝なし）
照明設備あり（ナイター練習対応可）",なし,,,
166,新潟大学,北信越,北信越2部 ,E：楽しく本気でサッカーをしたい,,F：国公立,,https://niigatauniv-footballclub.jimdofree.com/,49,12,13,11,13,0,0,0,0,0,,森 恭,インディペンデンスリーグ北信越 1チーム,経済科学部、教育学部、理学部、工学部、創生学部、法学部、人文学部,,無,,,,無,,,,,,,,,,,,新潟大学サッカー場,新潟県新潟市西区五十嵐2の町8050,,,,,
167,静岡産業大学,東海,東海1部 ,B：自分がどこまで上を目指せるか挑戦したい,,E：スポーツ系私大,天然芝のグラウンドも有し、オンザピッチでの成長を徹底しているチーム。学力面では少し落ちるが、活力がありパワフルな選手が多く在籍している。近年は関東圏外からの選手も少しずつ増えてきており、東海内でも常に上位を争い全国大会出場の確率が高まってきている。,https://www.ssu.ac.jp/club/football/,189,40,36,51,62,0,0,0,2,2,2,成嶋 徹,インディペンデンスリーグ東海 2チーム,経営学部、スポーツ科学部,,有,,3,競技成績の指定なし / 特待あり,有,夏,可,スポーツ推薦 or 誰でも入部可,,,,,,,,,静岡産業大学藤枝キャンパスサッカー場,静岡県藤枝市駿河台4−1−1,,なし,,,
168,常葉大学,東海,東海1部 ,B：自分がどこまで上を目指せるか挑戦したい,F：選手以外の形でサッカーと関わりたい,E：スポーツ系私大,2025年より、元Jリーガーの古橋 達弥氏が監督を務める。面倒みがとてもよいチームの印象で各選手との面談を行っていたり、OB企業の協力のもと、進路講習会や栄養講習会などを定期的に開催。学部も多く、トレーナーなども学部と連携し対応している。意識が高い選手が多く、クールなイメージ。,http://www.hm.tokoha-u.ac.jp/~tokohafc/,90,14,36,16,24,0,5,1,3,2,1,古橋 達弥 (新任),インディペンデンスリーグ東海 1チーム,健康プロデュース学部、経営学部等,,有,,3,全国大会出場など,無,,可,練習参加 or セレクションで入試前に合格必要,,,,,,,,,常葉大学浜松キャンパスサッカー場,静岡県浜松市北区都田町1230,,なし,,,
169,中京大学,東海,東海1部 ,A：大学経由でプロを目指したい,F：選手以外の形でサッカーと関わりたい,E：スポーツ系私大,東海の名門大学でTHE体育系。部員数も多く、メンバー争いも熾烈で実力主義で入替えも多数あるため、芯の強い選手におすすめしたい。(走りも多いとの情報)学生が主体となりオフザピッチの取り組む選手会という組織があり子供向けのイベントなども開催している。関東の大学に近いイメージのチーム。人工芝１面,https://soccer.chukyo-sports.com/,206,41,57,51,57,5,4,3,7,10,1,吉井 直人,東海社会人リーグ1部 1チーム、2部 1チーム  / インディペンデンスリーグ東海 3チーム,スポーツ科学部,,有,15,,,無,,条件有,練習参加で入試前に合格必要,,,,,,,,,中京大学豊田キャンパスサッカー場,愛知県豊田市貝津町床立101,,なし,,,
170,東海学園大学,東海,東海1部 ,B：自分がどこまで上を目指せるか挑戦したい,,E：スポーツ系私大,学校の中に寮とグラウンドを保有しているためサッカー漬けの生活を送れる。監督はJクラブでも指導経験を持ち、１代でこのチームを作り上げた。徹底的にボールを繋ぎどこからでも仕掛けて崩すスタイルを標ぼうし特色あるサッカーを展開。OBがコーチを務め、どのカテゴリーでもスタイルは不変。部の雰囲気は割と自由なイメージ。,https://www.tokaigakuen-u.ac.jp/campus_life/club/detail.html?id=50,160,160,,,,2,3,3,5,4,1,安原 成泰,東海社会人リーグ2部 1チーム インディペンデンスリーグ東海 3チーム,経営学部等,,有,40,,アスリート入試,無,,不可,入試前に練習参加の上、入部許可が必要。(入試はアスリート入試のみ),,,,,,,,,東海学園大学三好キャンパスグラウンド,愛知県みよし市福谷町西ノ洞21-233,,あり,,,
171,四日市大学,東海,東海1部 ,C：チームと一緒にカテゴリー・地域内での立ち位置を上げていきたい,,D：それ以外の私大,,https://www.footballnavi.jp/yokkaichi_soccer/,117,12,32,46,27,0,0,0,0,0,,桑原 和大,インディペンデンスリーグ東海 2チーム,総合政策学部、環境情報学部,,有,30,,,無,,条件有,練習参加で入試前に合格必要,,,,,,,,,四日市大学第一グラウンド,三重県四日市市萱生町1200,,,,,
172,中部大学,東海,東海1部 ,C：チームと一緒にカテゴリー・地域内での立ち位置を上げていきたい,F：選手以外の形でサッカーと関わりたい,C：中堅私大,風間八宏氏のブレインとして有名な堀尾氏が指導にあたる大学でテクニカルなサッカーを展開している。スポーツ医療や理系学部に在籍している学生もいる。1部上位進出を目指しているチーム。,https://chubu-soccer.com/,62,10,14,19,19,1,0,0,2,0,,堀尾 郷介,インディペンデンスリーグ東海 1チーム,国際学科、経営総合学科、応用生物化学科、管理栄養科学専攻、機械工学科、日本語日本文化学科、英語英米文化学科、スポーツ保健医療学科、建築学科,,有,,,,無,,,,,,,,,,,,中部大学春日井キャンパスサッカー場,愛知県春日井市松本町1200,,,,,
173,岐阜協立大学,東海,東海1部 ,C：チームと一緒にカテゴリー・地域内での立ち位置を上げていきたい,,D：それ以外の私大,,https://www.gku-soccer.com/,83,10,32,13,28,0,0,1,0,1,,海津 英志(新任),岐阜県社会人リーグ1部 1チーム、西濃社会人リーグ1部 1チーム,経営学部スポーツ経営学科 他,,有,,,,,,条件有,練習参加で入試前に合格必要,,,,,,,,,岐阜協立大学総合グラウンド,岐阜県安八郡神戸町柳瀬,,,,,
174,名古屋産業大学,東海,東海1部 ,C：チームと一緒にカテゴリー・地域内での立ち位置を上げていきたい,,D：それ以外の私大,,https://www.footballnavi.jp/nsu/,84,24,15,26,19,1,1,0,1,0,0,小崎 峰利,インディペンデンスリーグ東海 1チーム、ローカル 1チーム,現代ビジネス学科,,有,,,,無,,条件有,,,,,,,,,,公共施設を利用,公共施設を利用,,,,,"IDOM株式会社、IGAメックス株式会社、JAひがしみ、NORM株式会社、Universite Bordeaux Montaigne Defle、
vintage clothing store 帷幄、愛知商銀信⽤組合、⻘森⼭⽥学園
、⻘⼭製作所茨城⼯場、井柳細⼱織物、ヴァンラーレ⼋⼾、岡三証券株式会社、株式会社ASAP、株式会社HATARABA、株式会社LEOC、株式会社NHC
、株式会社Speee、株式会社ウィルオブワーク、株式会社⾓産
、株式会社錢⾕架設、株式会社ニッショー、株式会社フュディアルクリエーション、株式会社メイクス、株式会社⼭久、株式会社レンタルのニッケン、笹島建設株式会社、⼭九株式会社、綜合警備保障
、東海学園⾼校、⽇本電設資材株式会社、兵庫県警察、フジアルテ株式会社、ホームトレードセンター、メディアシステム株式会社、ラインメール⻘森FC、ワタナベフーマック株式会社"
175,愛知学院大学,東海,東海1部 ,B：自分がどこまで上を目指せるか挑戦したい,,C：中堅私大,,https://agufcjp.jimdoweb.com/,85,17,21,20,27,0,0,0,0,1,1,三溝 隆一,インディペンデンスリーグ東海 2チーム,文学部／心理学部／健康科学部／総合政策学部,,有,,,,有,入学後,不可,受験前の練習参加で入部許可をもらう必要あり。入学後にセレクションはあるが、難易度は高そう,,,,,,,,,愛知学院大学日進キャンパスサッカー場,愛知県日進市岩崎町阿良池12,トレーニングルームも完備,あり,寮は1人部屋でトレーニングルームも完備,,
176,南山大学,東海,東海1部 ,C：チームと一緒にカテゴリー・地域内での立ち位置を上げていきたい,,B：上位私大,,https://nanzan-soccer.com,47,47,,,,0,0,0,0,0,1, 高山 伸也,インディペンデンスリーグ東海ローカル 1チーム,人文学部・外国語学部・経済学部・経営学部・法学部・総合政策学部・情報理工学部・理工学部,,無,,,,無,,可,,,,,,,,,,南山大学グラウンド,愛知県名古屋市昭和区山里町18,照明設備が整った人工芝ピッチ,なし,,,
177,名古屋学院大学,東海,東海1部 ,C：チームと一緒にカテゴリー・地域内での立ち位置を上げていきたい,,D：それ以外の私大,,https://www.ngu.jp/campuslife/club/competitive-sportsclubs/soccer/,48,10,13,13,13,0,1,0,0,0,,佐野 友昭,インディペンデンスリーグ東海ローカル 1チーム,スポーツ健康科学部 他 瀬戸キャンパス以外でも入部可能,,有,,,,,,,,,,,,,,,,名古屋学院大学瀬戸キャンパスサッカー場,愛知県瀬戸市上品野町1350,,,,,
178,岐阜聖徳学園大学,東海,東海1部 ,C：チームと一緒にカテゴリー・地域内での立ち位置を上げていきたい,,D：それ以外の私大,Jリーガーとして活躍した難波宏明氏が監督を務め、新たにチーム強化に力を入れている新興勢力。「自分に勝つ」をコンセプトに、社会から頼られる人間の育成を目指している,https://shotoku-soccer.com/,45,9,3,12,21,0,0,0,0,0,,難波 宏明,東海Bリーグ 1チーム,教育学部、経済情報学部、外国語学部,,有,,,,,,,,,,,,,,,,岐阜聖徳学園大学グラウンド,岐阜県岐阜市柳津町高桑西1丁目1番地,,,,,
179,名古屋経済大学,東海,東海2部 ,C：チームと一緒にカテゴリー・地域内での立ち位置を上げていきたい,,D：それ以外の私大,,https://sc.footballnavi.jp/nagoya-ke/,79,14,7,22,36,0,0,0,0,0,2,白井 博幸,インディペンデンスリーグ東海ローカル 1チーム,経済学部、経営学部、法学部等,,有,,,,,,,,,,,,,,,,名古屋経済大学犬山キャンパスグラウンド,愛知県犬山市内久保61-1,,,,,
180,愛知東邦大学,東海,東海2部 ,C：チームと一緒にカテゴリー・地域内での立ち位置を上げていきたい,,D：それ以外の私大,,https://www.instagram.com/toho_soccer2002/,57,8,16,13,20,0,0,0,0,0,,氏原 良二,インディペンデンスリーグ東海ローカル 1チーム,経営学部、人間健康学部,中・高教員免許(保険体育),有,,,,有,夏,不可,高3夏に実施される練習会に参加し、入部許可が取れないと入部不可,,,,,,,,,愛知東邦大学日進グラウンド,愛知県日進市三本木町細廻間10,,,,,
181,日本福祉大学,東海,東海2部 ,C：チームと一緒にカテゴリー・地域内での立ち位置を上げていきたい,,D：それ以外の私大,,https://www.n-fukushi.ac.jp/circle/soccer/,53,12,18,13,10,0,0,0,0,0,,前田 仁崇,インディペンデンスリーグ東海ローカル 1チーム,スポーツ科学部、教育・心理学部、社会福祉学部 他,,,,,,,,可,,,,,,,,,,日本福祉大学美浜キャンパスグラウンド,愛知県知多郡美浜町奥田,,,,,
182,常葉大学静岡キャンパス,東海,東海2部 ,D：学生主体の活動でいろんな経験をしたい,,C：中堅私大,,https://www.instagram.com/tokoha_shizuoka_soccer/,18,2,8,8,,0,0,0,0,0,1,向井 敦,なし,経営学部,,無,,,,無,,可,,,,,,,,,,常葉大学静岡草薙キャンパスグラウンド,静岡県静岡市清水区草薙,人工芝,なし,,,
183,名古屋商科大学,東海,東海2部 ,C：チームと一緒にカテゴリー・地域内での立ち位置を上げていきたい,,D：それ以外の私大,,https://www.nucba.ac.jp/club/sports/soccer.html,30,10,10,10,,0,0,0,0,0,1,野村 武,インディペンデンスリーグ東海ローカル 1チーム,経営学部・経済学部・商学部・国際学部,,有,,3,,有,年数回開催,可,,,,,,,,,,名古屋商科大学日進キャンパスサッカー場,愛知県日進市米野木町三ケ峯4-4,75mmロングパイルの全面人工芝で夜間照明設備あり。公式戦開催可能な観客席付きフィールド。部専用のクラブハウスやトレーニングセンターを完備。,なし,,,
184,愛知大学,東海,東海2部 ,E：楽しく本気でサッカーをしたい,,C：中堅私大,,"https://www.instagram.com/aichiuniv.soccerclub/reel/DHccnz7BbML/#:~:text=%E6%84%9B%E7%9F%A5%E5%A4%A7%E5%AD%A6%E3%81%AB%E3%81%94%E5%85%A5%E5%AD%A6%E3%81%95%E3%82%8C%E3%82%8B%E7%9A%86%E6%A7%98%E3%83%BB%E6%96%B02%E5%B9%B4%E7%94%9F%E3%81%AB%E3%81%AA%E3%82%8B%E7%9A%86%E6%A7%98%E3%81%B8%202%20...%20,%E5%9C%B0%E5%9F%9F%E6%94%BF%E7%AD%96%E5%AD%A6%E9%83%A8%29%E3%82%88%E3%82%8A%E5%85%A5%E9%83%A8%E3%81%AE%E3%81%94%E6%A1%88%E5%86%85%E3%81%A7%E3%81%99%EF%BC%81%20%E7%A7%81%E3%81%9F%E3%81%A1%E6%84%9B%E7%9F%A5%E5%A4%A7%E5%AD%A6%E3%82%B5%E3%83%83%E3%82%AB%E3%83%BC%E9%83%A8%E3%81%A7%E3%81%AF%E3%80%81%E9%81%B8%E6%89%8B%E3%83%BBMG%E3%82%92%E5%8B%9F%E9%9B%86%E3%81%97%E3%81%A6%E3%81%8A%E3%82%8A%E3%81%BE%E3%81%99%E3%80%82",37,8,9,8,12,0,0,0,0,0,1,角田 利彦,なし,地域政策学部,,有,,3,全国大会出場や都道府県大会ベスト8以上といった一定の競技成績を収めた現役生が対象。学部ごとに募集枠が設定されている。,無,,可,,,,,,,,,,愛知大学豊橋キャンパスグラウンド,愛知県豊橋市町畑町1-1,公式戦規格の人工芝フィールド（アメフト・サッカー・ラクロスのライン併設）,なし,,,
185,愛知教育大学,東海,東海2部 ,D：学生主体の活動でいろんな経験をしたい,,F：国公立,,https://www.footballnavi.jp/aue_soccer/,23,6,6,5,6,0,0,0,0,0,,江崎 亮介,なし,教育学部,74％が教員になっている,無,,,,,,,,,,,,,,,,愛知教育大学運動場,愛知県刈谷市井ケ谷町広沢1,,,,,
186,静岡大学,東海,東海2部 ,D：学生主体の活動でいろんな経験をしたい,,F：国公立,,https://shizudai-soccer.com/,56,13,8,20,15,0,0,0,0,0,,平嶋 祐輔,インディペンデンスリーグ東海ローカル 1チーム,教育学部、地域創造学部、人文社会科学部、理学部、農学部,,無,,,,,,,,,,,,,,,,静岡大学サッカー場,静岡県静岡市駿河区大谷836,,,,,
187,名城大学,東海,東海2部 ,C：チームと一緒にカテゴリー・地域内での立ち位置を上げていきたい,,C：中堅私大,,https://meijosoccerclub2009.web.fc2.com/22grade_plof.html,37,,6,20,11,0,0,0,0,0,,坂野 公一,インディペンデンスリーグ東海ローカル 1チーム,法学部、経済学部、理工学部、農学部、都市情報学部,,,,,,,,,,,,,,,,,,名城大学日進総合グラウンド,愛知県日進市藤島町長塚75,,,,,
188,名古屋大学,東海,東海2部 ,E：楽しく本気でサッカーをしたい,,F：国公立,,https://nagoyaunivfc.jp,38,10,11,11,6,0,0,0,0,0,1,津山 弘之,インディペンデンスリーグ東海ローカル 1チーム,文学部、教育学部、法学部,,無,,,,無,,可,,,,,,,,,,名古屋大学山の上グラウンド,愛知県名古屋市千種区萩岡町,ロングパイル人工芝、夜間照明設備あり,なし,,,
189,関西学院大学,関西,関西1部 ,A：大学経由でプロを目指したい,D：学生主体の活動でいろんな経験をしたい,B：上位私大,関西の超名門校。選手の自主性を重んじ、学生主体を体現。ピッチ内外での意識は相当高く、日本一も目指して活動をしている。スタッフが多いわけではないが、学生スタッフも含めて、高い志を持って活動している。意識が高い中で成長したい選手にはうってつけの環境。コンダクターという「選手の中から毎年1人必ず主務を選ぶ（選手兼任は不可）」という取り組みがあり、仲間や環境に感謝の気持ちを口にする選手が多い,https://kgusoccer.com/,116,38,36,22,20,0,5,5,4,2,1,早﨑 義晃,インディペンデンスリーグ関西1部 2チーム,人間福祉学部、法学部、社会学部等,,有,8,3.3,全国出場 / 都道府県大会ベスト8以上,無,,条件有,スポーツ推薦(10枠程度) or 入学後コンディションチェックあり,,,,,,,,,関西学院大学第3フィールド,兵庫県三田市学園上ケ原1番,,なし,,,
190,阪南大学,関西,関西1部 ,A：大学経由でプロを目指したい,,D：それ以外の私大,関西の強豪校。やんちゃ選手が多いが、テクニックが抜群に優れた選手が多く、テクニカルな攻撃的サッカーを目指す。グラウンド敷地内にクラブハウスも併設され、トレーニング施設も完備。6カテゴリーに分かれ活動しており、Jリーガーも毎年多く輩出している。現在はスカウティングに力をいれるよりも、阪南でサッカーをやりたいという選手の受入れに力をいれている,https://www.hannan-u.ac.jp/club/st9plj00000010yt.html,204,36,35,64,69,2,1,2,3,1,2.5,朴 成基,インディペンデンスリーグ関西1部 1チーム、2部 2チーム / 関西社会人リーグ2部 1チーム / 大阪府社会人リーグ 1部 1チーム、3部1チーム,経済学部等,,有,35,,都道府県大会ベスト4以上,無,,可,スポーツ推薦 or 入学後セレクションあり,,,,,,,,,阪南大学南キャンパスグラウンド,大阪府松原市天美東5-4-33,,あり（全寮制）,,,
191,関西大学,関西,関西1部 ,A：大学経由でプロを目指したい,D：学生主体の活動でいろんな経験をしたい,B：上位私大,関西の超名門校。100年以上の歴史を持ち、200名の大所帯ながら一致団結して闘う全員サッカーを標ぼうするクラブであり、規律もしっかりしている。サッカースクールを運営していたりとオフザピッチでの活動も活発。試合の際の応援の凄さはチームの一体感を如実に表している。監督は元Jリーガー,https://kufc1921football.com/index.html,157,40,43,42,32,2,5,2,3,4,2,前田 雅文,インディペンデンスリーグ関西1部 1チーム、2部 2チーム / 関西社会人リーグ2部 1チーム / 大阪府社会人リーグ 1部 1チーム,政策創造学部、社会学部等,,有,8,3.4,全国大会出場 / 都道府県大会ベスト4以上,無,,条件有,スポーツ推薦 or 入学後セレクションあり,,,,,,,,,関西大学高槻キャンパス第1グラウンド,大阪府高槻市霊仙寺町2-1-1,,なし,,,
192,大阪体育大学,関西,関西1部 ,A：大学経由でプロを目指したい,F：選手以外の形でサッカーと関わりたい,E：スポーツ系私大,関西の超名門校。体育教員を多く輩出している体育大学。プレーはもちろん、指導法を学ぶ機会も充実しており、指導者や教員を目指す選手にはうってつけの環境。伝統として守備を重んじており、身体操作などにもフォーカス。対人トレーニングで鍛錬している。選手のレベルは高く、争いも熾烈。監督はプロ経験がある30代半ばの松尾氏で熱心に指導している。Cチーム以下は学生のみで活動しており、Bチーム入りを目指し切磋琢磨している,https://www.ouhs.jp/ouhs-athletics/menssoccer/,230,230,,,,3,2,2,1,4,1,松尾 元太,インディペンデンスリーグ関西1部 2チーム,体育学部、教育学部,,有,11,3,全国大会など / 受験前に事前面談必要,無,,条件有,スポーツ推薦 or 入学後セレクションあり,,,,,,,,,大阪体育大学グラウンド,大阪府熊取町朝代台1-1,定員あり,あり,,,
193,甲南大学,関西,関西1部 ,B：自分がどこまで上を目指せるか挑戦したい,,C：中堅私大,スポーツ推薦枠は少ないものの、まじめな選手が多く、学生が主体となり運営をしている。近年関西1部での活躍していたが、2022年に降格が決定。六甲アイランドにグラウンドを有し、環境も整っている。2023年からはヴィッセル神戸のアカデミーで指導していた竹口氏が監督に就任。,https://konansoccer.com/,108,22,24,29,33,1,0,0,0,0,1,竹口 清一,インディペンデンスリーグ関西1部 1チーム、2部 1チーム / 兵庫県大学リスペクトリーグ 1チーム,マネジメント創造学部、経営学部等,,有,6,3.3,全国大会出場 / 都道府県大会ベスト8以上,無,,可,スポーツ推薦 or 誰でも入部可,,,,,,,,,甲南大学六甲アイランドグラウンド,兵庫県神戸市東灘区向洋町中8-1,,なし,,,
194,京都橘大学,関西,関西1部 ,B：自分がどこまで上を目指せるか挑戦したい,D：学生主体の活動でいろんな経験をしたい,D：それ以外の私大,近年急速に力を付けている、新興勢力。グラウンド新設され環境も整っている。（https://www.ntssports.co.jp/achievement/kyoto-tachibana-stadium/）京都橘高校からだけではなく強豪高校から選手が入学監督は京都橘高校でコーチを務めていた橋詰氏。その他スタッフもJクラブ指導経験者もおり充実。今後1部昇格の期待もあり、注目校,https://sc.footballnavi.jp/ktfc2016/,94,23,21,18,32,0,0,0,0,0,1,橋詰 広太郎,インディペンデンスリーグ関西1部 1チーム、2部 1チーム,経済学部、経営学部等,,有,20,3,全国大会レベル以上,有,春,不可,スポーツ推薦 or 入試前の練習参加で合格必要,,,,,,,,,京都橘大学グラウンド,京都府京都市山科区大宅山田町34,専用グラウンド新設,なし,,,
195,京都産業大学,関西,関西1部 ,A：大学経由でプロを目指したい,,C：中堅私大,関西の中でも特にテクニカルなプレースタイルを実践している大学。近年は人数は少しずつ絞っている。選手のクオリティがとても高い。監督の入れ替わりも定期的にあるが、根本のスタイルは大きくぶれずに強化している。コンセプトがしっかりしているのでそれに合う選手は成長できるので試合映像は要チェック,https://www.ksu-sc.net/,81,19,21,21,20,2,4,0,4,3,1,吉川 拓也,インディペンデンスリーグ関西1部 2チーム,経営学部、現代社会学部等,,有,8,3,全国大会出場 / 都道府県大会ベスト8以上,無,,条件有,スポーツ推薦 or 入学後セレクションあり,,,,,,,,,京都産業大学神山グラウンド,京都府京都市北区上賀茂本山,体育寮/選考あり,あり,,,
196,大阪学院大学,関西,関西1部 ,B：自分がどこまで上を目指せるか挑戦したい,,D：それ以外の私大,2022年に元ガンバ大阪の實好氏が監督に就任。パワフルな選手が多く、夏の総理大臣杯でも準優勝と躍進した。部員数もとても多く、すこしやんちゃな選手が多い印象。自分の軸をもって高いレベルの指導を受けたい選手にはおすすめ。,https://www.ogu.ac.jp/club/soccer/,219,47,42,38,92,3,0,2,1,2,1,實好 礼忠,インディペンデンスリーグ関西1部 3チーム、2部 3チーム,経済学部、経営学部等,,有,30,,全国大会出場 / 都道府県大会ベスト8以上,有,夏,条件有,スポーツ推薦 or 入学後セレクションあり,,,,,,,,,大阪学院大学サッカー場,大阪府吹田市岸部南2-36-1,,あり,,,
197,同志社大学,関西,関西1部 ,B：自分がどこまで上を目指せるか挑戦したい,D：学生主体の活動でいろんな経験をしたい,B：上位私大,創部120年以上の歴史をもつ伝統校。選手の自主自立の精神を育み、学生スポーツを牽引することを目指している。真面目な選手が多い印象で、委員会活動なども盛ん。サッカーをするだけにとどまらず、人としての成長を目指している。,https://www.doshisha-soccer.com/,132,39,33,30,30,0,0,2,2,3,1,望月 慎之,インディペンデンスリーグ関西1部 2チーム、2部 2チーム,商学部、社会学部等,,有,5,3.2,全国大会出場,無,,条件有,スポーツ推薦 or 入学後セレクションあり,,,,,,,,,同志社大学京田辺キャンパス球技場,京都府京田辺市多々羅都谷1-3,,なし,,,
198,大阪経済大学,関西,関西1部 ,B：自分がどこまで上を目指せるか挑戦したい,,C：中堅私大,Jリーグで監督経験もある大石氏が実質TOPチームを指導。縦に早く、フィジカルを全面に押し出したサッカーを展開している。スポーツ推薦では西日本のJ下部組織選手が多く入部している。近年1部と2部を行き来することが多い印象だが、指導体制も変わり、どうなるか。,https://www.osaka-ue.ac.jp/campus/club/club01/football.html,109,27,20,28,34,3,0,1,1,0,1,大石 篤人,インディペンデンスリーグ関西1部 2チーム / 大阪府社会人リーグ2部 1チーム,経済学部、経営学部等,,有,8,3.2,全国大会出場,無,,条件有,スポーツ推薦 or 入学後セレクションあり,,,,,,,,,大阪経済大学グラウンド,大阪府大阪市東淀川区大隅2-2-8,,なし,,,
199,関西福祉大学,関西,関西1部 ,B：自分がどこまで上を目指せるか挑戦したい,,D：それ以外の私大,創部も浅く、元Ｊリーガーが指導にあたり近年力をつけている大学。全員攻撃・全員守備でスピーディーなサッカーを展開。スタッフも若く、熱く指導している。立地は少し悪いが、体育の教員免許も取得できることもあり今後も人気がでそうな大学,http://kusw-soccer.jp/,91,25,18,29,19,0,1,1,0,0,1,中田 洋平,インディペンデンスリーグ関西1部 2チーム、2部 1チーム,社会福祉学部、教育学部等,,有,20,3,全国大会出場 / 都道府県大会3位以上,有,夏,条件有,スポーツ推薦 or 入学後セレクションあり,,,,,,,,,関西福祉大学グラウンド,兵庫県赤穂市加里屋中洲5-4-1,,なし,,,
200,桃山学院大学,関西,関西1部 ,B：自分がどこまで上を目指せるか挑戦したい,,D：それ以外の私大,監督の松本氏はS級保持者でユニバーシアード日本代表の監督も務めた経験をもつ。その他スタッフも元Jリーガーが多く、しっかりとした体制。近年は入学後のセレクションを実施して、少しずつ人数を絞る方向にシフトチェンジしている印象。,https://st-andrew-fc.com/,134,27,44,33,30,1,1,0,0,0,1,松本 直也,インディペンデンスリーグ関西1部 2チーム / 関西社会人リーグ 2部 1チーム,経営学部、経済学部等,,有,14,3,全国大会出場 / 都道府県大会ベスト8以上,有,入学後,条件有,スポーツ推薦 or 入学後セレクションあり,,,,,,,,,桃山学院大学グラウンド,大阪府和泉市まなび野1-1,,なし,,,
201,びわこ成蹊スポーツ大学,関西,関西2部 ,B：自分がどこまで上を目指せるか挑戦したい,F：選手以外の形でサッカーと関わりたい,E：スポーツ系私大,"「No Football,No life」のモットーのもと、プレーだけではなく多角的にサッカーを学んべる環境が整っているスポーツ系大学。現場はもちろん、スポーツビジネスの舞台で活躍するOBも多く、スポーツ業界に興味がある選手にはおすすめ。監督はユーモアを交えながら選手と交流を深めてくれる印象で、なでしこジャパンでスタッフも務めた経験をもつ。安定してプロを輩出しているが人数は多く、グラウンドの数に限りがあるため環境の確認は必須。",https://biwako-seikei.jp/club/soccer_m/soccer_m.php,272,50,72,78,72,0,3,1,0,1,2,望月 聡,インディペンデンスリーグ関西1部 3チーム、2部 4チーム,スポーツ学部,,有,20,3,全国大会など / 受験前に事前面談必要,有,春,可,スポーツ推薦 or 誰でも入部可,,,,,,,,,びわこ成蹊スポーツ大学サッカー場,滋賀県大津市北比良1204,全国TOPレベル,あり,,,
202,立命館大学,関西,関西2部 ,B：自分がどこまで上を目指せるか挑戦したい,,B：上位私大,学生主体での部運営をしており、カテゴリーごとに選手同士で高め合いながら活動している。自分としっかり向き合ってやりきりたい選手におすすめ。監督は2024年より明治大学や立教大学で指導に当たっていた池上氏が就任。スタッフは少ないが学生主体を軸にしながら学生にアプローチし指導している。,https://www.rusc-1953.com/,120,23,25,33,39,3,0,0,0,2,1,池上 礼一,インディペンデンスリーグ関西1部 2チーム,経営学部、スポーツ健康学部、法学部等,,有,10,3.2,全国大会出場 / 国体出場,無,,条件有,スポーツ推薦 or 入学後セレクションあり,,,,,,,,,立命館原谷人工芝グランド,京都府京都市北区大北山原谷乾町111-33,,なし,,,
203,大阪産業大学,関西,関西2部 ,B：自分がどこまで上を目指せるか挑戦したい,,D：それ以外の私大,監督はOBでJFLで活躍した安里氏が務めている。ボールを丁寧に繋ぎ、攻撃的なサッカーを志向している。入部制限がなく誰でも入部できることから部員数も多く、６つのカテゴリーで活動してる。近年は１部と２部を行き来しているがJリーガーも輩出しておりTOPチームのレベルは高い。,https://www.osufc.net/,204,41,50,58,55,0,1,0,0,0,1,安里 晃一,インディペンデンスリーグ関西1部 1チーム、2部 2チーム,スポーツ健康学部等,,有,,2.7,動画審査あり,無,,可,スポーツ推薦 or 誰でも入部可,,,,,,,,,大阪産業大学東大阪キャンパスグラウンド,大阪府東大阪市中小阪4-1-1,,なし,,,
204,近畿大学,関西,関西2部 ,B：自分がどこまで上を目指せるか挑戦したい,D：学生主体の活動でいろんな経験をしたい,C：中堅私大,不祥事があり、関西2部へ降格となったがコンプライアンスの強化をはじめ、大学はサッカーと学問に向き合うところと改めて位置づけチーム全体で再生に向けて取り組んでいる。部署制をとり、学生が中心となりボランティア活動や分析、フィジカル強化に努めている。OBにはプロ選手も多い。,https://pando.life/kindai-soccer,88,14,18,29,27,0,0,0,0,0,1,尾内 伸行,インディペンデンスリーグ関西1部 2チーム、2部 1チーム,経営学部等,,有,15,,,有,夏,条件有,,,,,,,,,,近畿大学東大阪キャンパスグラウンド,大阪府東大阪市小若江3-4-1,,なし,,,
205,大阪大学,関西,関西2部 ,D：学生主体の活動でいろんな経験をしたい,,F：国公立,国立大学ということもあり学生主体で活動をしている。そんな中でも監督は過去ガンバ大阪のアカデミーで指導していた前田氏がサポート選手の高い主体性でスポンサー獲得やリクルーティングにも取り組んでおり、まさしくピッチ内外でサッカーを通して成長できる環境,https://osakaufc.web.fc2.com/,70,15,17,22,16,0,0,0,0,0,1,前田 薫,インディペンデンスリーグ関西2部 1チーム,経済学部、工学部等,,無,,,,無,,可,誰でも入部可,,,,,,,,,大阪大学吹田キャンパスグラウンド,大阪府吹田市山田丘1-1,,なし,,,
206,大阪商業大学,関西,関西2部 ,C：チームと一緒にカテゴリー・地域内での立ち位置を上げていきたい,,D：それ以外の私大,過去6度の全国制覇経験を持つ、伝統校。近年は関西2部をメインに活動しているが、元国見高校の小嶺氏の母校でもある。現在の監督は大阪教育大学→筑波大学大学院卒の中野氏が務め、古豪復活に向けてチャレンジを続けている。,https://ouc.daishodai.ac.jp/club/sports/soccer.html,95,95,,,,0,0,0,0,0,1,中野 尊志,インディペンデンスリーグ関西2部 1チーム,経済学部、総合経営学部等,,有,10,2.7,全国大会出場 / 都道府県大会ベスト8以上,無,,可,,,,,,,,,,大阪商業大学総合グラウンド,大阪府東大阪市御厨栄町4-1-10,,なし,,,
207,大阪教育大学,関西,関西2部 ,C：チームと一緒にカテゴリー・地域内での立ち位置を上げていきたい,D：学生主体の活動でいろんな経験をしたい,F：国公立,近畿地方で最大規模の教員養成大学として長くの歴史をもつ国立大学。国立ということもあり、年によってレベルが異なるが、近年1部所属経験あり。教育大らしく真面目な選手が多く、教員を志ながらサッカーに打ち込むに良い環境となっている。スポーツ科学専攻もあり指導も学べる。,http://daikyodaisoccer.web.fc2.com/,45,12,11,12,10,0,0,0,0,0,1,松原 英輝,なし,教育学部,,有,4,3.5,全国大会出場,無,,可,スポーツ推薦 or 誰でも入部可,,,,,,,,,大阪教育大学柏原キャンパス球技場,大阪府柏原市旭ケ丘4-698-1,,なし,,,
208,龍谷大学,関西,関西2部 ,C：チームと一緒にカテゴリー・地域内での立ち位置を上げていきたい,,C：中堅私大,学生主体で活動をしているが入学後にセレクションも実施し、人数を絞り活動している。A級ライセンスやコンディショニングスペシャリストの資格を持つ小辻 一巳氏がテクニカルコーチとしてサポートしている。メンバー選考も含め選手が行っている。,https://fc-ryukoku-univ-1968.jimdofree.com/,42,14,17,11,,0,0,0,0,0,1,原 正宏,インディペンデンスリーグ関西2部 1チーム,経済学部、経営学部等,,有,,3.3,都道府県大会ベスト8以上,無,入学後,条件有,スポーツ推薦 or 入学後のセレクションあり,,,,,,,,,龍谷大学瀬田キャンパスサッカー場,滋賀県大津市瀬田大江町横谷1-5,,なし,,,
209,関西国際大学,関西,関西2部 ,C：チームと一緒にカテゴリー・地域内での立ち位置を上げていきたい,,D：それ以外の私大,2018年より大阪体育大の名誉監督である坂本氏が総監督を務め、大阪体育大OBを中心に指導に当たり強化を図っている。西日本を中心に強豪校から選手を集めている印象。部員も多くなく、2カテゴリーで活動している。5年計画をうたってり2023年1部昇格を目指す。,https://www.kuins.ac.jp/soccer/,93,27,20,20,26,0,0,0,0,0,1,松岡 真吾,インディペンデンスリーグ関西1部 1チーム、2部 1チーム / 兵庫県大学リスペクトリーグ 1チーム,人間科学部,,有,,,全国出場 / 都道府県大会ベスト8以上,無,,不可,入試前に練習参加で合格が必要,,,,,,,,,関西国際大学グラウンド,兵庫県尼崎市潮江1-3-23,,あり,,,
210,天理大学,関西,関西2部 ,E：楽しく本気でサッカーをしたい,,D：それ以外の私大,,https://tenriuniversity-soccerclub.jp,50,50,,,,0,0,0,0,0,2,高祖 和弘,なし,体育学部,,有,80,2.7,全国大会出場またはブロック大会出場、都道府県大会4位以上など一定の競技実績も求められる,有,,可,,,,,,,,,,天理大学親里競技場,奈良県天理市杣之内町,主グラウンドは人工芝ピッチ。既存グラウンドを人工芝化する改修工事が行われており、ロングパイル人工芝のフィールドが整備されている。,なし,,,
211,神戸学院大学,関西,関西2部 ,C：チームと一緒にカテゴリー・地域内での立ち位置を上げていきたい,,D：それ以外の私大,近年成長が著しい大学。監督はイタリア留学の経験をもち、FC東京で監督通訳をはじめアルテリーヴォ和歌山でも監督経験がある河村氏。新人戦では関西3位に入る成績を収め、これからの成長に期待。大学としてヴィッセル神戸とパートナーシップ契約。インターン受入れなど関わりを持つ,https://www.kobegakuin.ac.jp/activity/feature/club005.html,49,49,,,,0,0,0,0,0,2,下川 誠吾,兵庫県大学リスペクトリーグ 1チーム,経済学部、経営学部等,,有,15,3,都道府県大会出場,有,夏,条件有,スポーツ推薦 or 入学後のセレクションあり,,,,,,,,,神戸学院大学有瀬キャンパスグラウンド,兵庫県神戸市西区伊川谷町有瀬518,,なし,,,
212,追手門学院大学,関西,関西2部 ,C：チームと一緒にカテゴリー・地域内での立ち位置を上げていきたい,,D：それ以外の私大,2022に3部降格となったが1年で2部復帰を果たした。監督は九州共立大学でも指導していた米山氏。なでしこリーグでも指導していた経験をもつ。,https://www.footballnavi.jp/otemonsoccer/,60,18,19,15,8,0,0,0,0,0,1,内田 昂輔,インディペンデンスリーグ関西2部 1チーム,経済学部、経営学部等,,有,,3.2,幅広く設定あり,無,,条件有,入学後にセレクションあり,,,,,,,,,追手門学院大学さくらキャンパスグラウンド,大阪府茨木市西安威2-1-15,,なし,,,
213,大阪国際大学,関西,関西3部 ,E：楽しく本気でサッカーをしたい,,D：それ以外の私大,社会人基礎力を磨くことに力を入れており、学生主体での部運営をJクラブアカデミーで指導実績がある長野監督がサポートしている。専攻しているスポーツ科学に基づいたトレーニングをしながらも選手たち自身で戦術やプレースタイルを決める、特徴的な部運営を行っている。,http://club.oiu.ac.jp/club/soccer_men/,85,85,,,,0,0,0,0,0,1,中村 重和,インディペンデンスリーグ関西2部 2チーム / 大阪府社会人リーグ 2部 1チーム,人間科学部、経営経済学部等,,有,,,,,,,,,,,,,,,,大阪国際大学グラウンド,大阪府守口市藤田町6-21-57,,なし,,,
214,芦屋大学,関西,関西3部 ,E：楽しく本気でサッカーをしたい,,D：それ以外の私大,早朝練習が中心、練習参加形式のセレクションを実施,https://www.ashiya-u.ac.jp/studentlife/club/soccer/,82,11,20,25,26,0,0,0,0,0,1,金 相煥,インディペンデンスリーグ関西2部 1チーム / 兵庫県大学リスペクトリーグ 1チーム,臨床教育学部、教育学部,,,,,,有,年数回開催,可,,,,,,,,,,芦屋大学グラウンド,兵庫県芦屋市六麓荘町13-22,,なし,,,
215,摂南大学,関西,関西3部 ,E：楽しく本気でサッカーをしたい,,D：それ以外の私大,,https://www.instagram.com/setsunan_soccer?igsh=MXN6ODl1Nm1pZDd5Zw==,20,20,,,,0,0,0,0,0,1,監督不在（学生主体）,なし,法学部・国際学部・経済学部・経営学部・現代社会学部・理工学部,,有,,3,県大会ベスト16以上,無,,可,,,,,,,,,,摂南大学サッカー場,大阪府寝屋川市池田中町17-8,人工芝グラウンドをサッカー部・他競技部で共有して使用,なし,,,
216,大阪信愛学院大学,関西,関西3部 ,E：楽しく本気でサッカーをしたい,,D：それ以外の私大,,https://www.instagram.com/osaka_shinai_soccer?igsh=MWtlNmc2ODVkODk1eg==,51,51,,,,0,0,0,0,0,1,植田 龍仁朗,インディペンデンスリーグ関西2部 1チーム,教育学部、看護学部,,有,,,,有,秋,可,入部セレクションとして、練習会形式のトライアルが実施,,,,,,,,,大阪信愛学院大学グラウンド,大阪府大阪市城東区古市2-7-30,,なし,,,
217,神戸大学,関西,関西3部 ,E：楽しく本気でサッカーをしたい,D：学生主体の活動でいろんな経験をしたい,F：国公立,,https://www.instagram.com/kobe_football_official?igsh=MXdlaWE4cG05aHpvbA==,41,11,13,17,,0,0,0,0,0,1,福添 英晃,インディペンデンスリーグ関西2部 1チーム,経済学部、国際人間科学部,,無,,,総合型選抜・学校推薦型選抜はあるが、いずれも共通テストが課されている,無,,可,,,,,,,,,,神戸大学鶴甲第2キャンパス運動場,兵庫県神戸市灘区鶴甲3-11,人工芝、照明設備・トレーニング器具等も整備,なし,,,
218,大阪公立大学,関西,関西3部 ,E：楽しく本気でサッカーをしたい,,F：国公立,,https://www.footballnavi.net/OMUFC/,61,27,15,19,,0,0,0,0,0,1,川本 吉則,インディペンデンスリーグ関西2部 1チーム,経済学部、商学部、文学部,,無,,,,無,,可,,,,,,,,,,大阪公立大学杉本キャンパスグラウンド,大阪府大阪市住吉区杉本3-3-138,人工芝,なし,,,
219,京都先端科学大学,関西,関西3部 ,E：楽しく本気でサッカーをしたい,,D：それ以外の私大,,https://www.instagram.com/kuas_soccer?igsh=MXNuOGQ1ZWZ5Z3Fqcw==,55,55,,,,0,0,0,0,0,2,田中 奏一,インディペンデンスリーグ関西2部 1チーム,健康医療学部,,有,50,,7～8月頃に開催される事前選抜通過後出願可能,無,,可,,,,,,,,,,京都先端科学大学亀岡キャンパスグラウンド,京都府亀岡市曽我部町南条大谷1-1,ピッチは全面人工芝でナイター照明も完備,なし,,,
220,流通科学大学,関西,関西3部 ,E：楽しく本気でサッカーをしたい,,D：それ以外の私大,,https://www.instagram.com/ryuka_univ_fc?igsh=eWc1bjY3Y252eGVj,89,24,30,21,14,0,0,0,0,0,1,亀谷 涼,インディペンデンスリーグ関西2部 1チーム / 兵庫県大学リスペクトリーグ 1チーム,商学部、経済学部,,有,,,高校のサッカー部顧問または監督の推薦書提出が出願条件,有,夏,条件有,セレクション（合同練習会）を夏に実施。入部希望者は練習会参加が条件,,,,,,,,,流通科学大学グラウンド,兵庫県神戸市西区学園西町3-1-1,ロングパイル人工芝（照明設備あり,なし,,,
221,姫路獨協大学,関西,関西3部 ,E：楽しく本気でサッカーをしたい,,D：それ以外の私大,,https://www.footballnavi.jp/himejidokkyo/,89,89,,,,0,0,0,0,0,1,大薮 智彦,兵庫県大学リスペクトリーグ 1チーム,人間社会学群,,有,20,3,県大会以上の出場歴(該当しない場合でも個別の技量審査で認められれば受験可能),無,,可,,,,,,,,,,姫路獨協大学グラウンド,兵庫県姫路市上大野7-2-1,キャンパス内に105m×68mのサッカー専用グラウンドが1面あり、公式戦も開催可能、夜間照明設備完備,なし,,,
222,京都大学,関西,関西3部 ,D：学生主体の活動でいろんな経験をしたい,E：楽しく本気でサッカーをしたい,F：国公立,,https://kyoto-soccer.com,36,12,7,17,,0,0,0,0,0,1,島 正樹,インディペンデンスリーグ関西2部 1チーム,工学部、経済学部,,無,,,,無,,可,,,,,,,,,,京都大学吉田キャンパスグラウンド,京都府京都市左京区吉田本町,全面人工芝、夜間照明設備あり,なし,,,
223,びわこ学院大学,関西,関西3部 ,E：楽しく本気でサッカーをしたい,,D：それ以外の私大,,https://www.instagram.com/fc.bgu_2019/,22,22,,,,0,0,0,0,0,1,時岡 宏昌,なし,教育福祉学部,,,,,,無,,可,,,,,,,,,,びわこ学院大学グラウンド,滋賀県東近江市布施町29,"全面ロングパイル人工芝、夜間照明設備あり、
スポーツ教育棟（トレーニングルーム・更衣室）が隣接",なし,,,
224,兵庫県立大学神戸,関西,関西3部 ,E：楽しく本気でサッカーをしたい,,F：国公立,,https://www.instagram.com/hyogo__soccer16/,40,40,,,,0,0,0,0,0,1,三崎 秀央,兵庫県大学リスペクトリーグ 1チーム,国際商経学部,,無,,,,無,,可,,,,,,,,,,兵庫県立大学神戸商科キャンパスグラウンド,兵庫県神戸市西区学園西町8-2-1,天然芝グラウンド,なし,,,
225,大阪大谷大学,関西,関西4部Aブロック ,E：楽しく本気でサッカーをしたい,,D：それ以外の私大,,https://www.instagram.com/univ_of_ohtani.fc?igsh=MW9odWZ0OWU4bTJtaQ==,31,8,8,5,10,0,0,0,0,0,0,松原 裕一,なし,人間社会学部スポーツ健康学科,,有,27,3,全国大会出場・府県大会ベスト8以上・地域選抜選出等の実績が必要,無,,可,,,,,"3,300円 / 月",,,,,公共施設を利用,公共施設を利用,主な練習拠点は富田林市や河内長野市の公共グラウンド,なし,,,
226,森ノ宮医療大学,関西,関西4部Aブロック ,E：楽しく本気でサッカーをしたい,,D：それ以外の私大,,https://www.morinomiya-u.ac.jp/club_circle_navi/soccer_m.html,23,23,,,,0,0,0,0,0,1,伊奈 新太郎,なし,鍼灸学科,,,,,,無,,可,,,,,,,,,,森ノ宮医療大学グラウンド,大阪府大阪市住之江区南港北1-26-16,長尺人工芝、学外天然芝フィールドも利用,なし,,,
227,滋賀大学経済・DS学部,関西,関西4部Aブロック ,E：楽しく本気でサッカーをしたい,,D：それ以外の私大,,https://shigakei-soccer.1net.jp/,55,8,11,20,16,0,0,0,0,0,1,榎本 雅之,滋賀県社会人リーグ 2部 1チーム,経済学部、データサイエンス学部,,無,,,,無,,可,,,,,,,,,,滋賀大学彦根キャンパスグラウンド,滋賀県彦根市馬場1-1-1,天然芝,なし,,,
228,佛教大学,関西,関西4部Aブロック ,E：楽しく本気でサッカーをしたい,,D：それ以外の私大,,https://bufc.info,23,4,6,7,6,0,0,0,0,0,1,井上 直也,なし,社会学部、社会福祉学部、歴史学部,,無,,,,無,,可,,,,,,,,,,佛教大学紫野キャンパスグラウンド,京都府京都市北区紫野北花ノ坊町96,陸上競技場と併用、天然芝,なし,,,
229,大和大学,関西,関西4部Aブロック ,E：楽しく本気でサッカーをしたい,,D：それ以外の私大,,https://www.instagram.com/yamato._.soccer?igsh=MXJwMWR5MGluZDc5aw==,30,30,,,,0,0,0,0,0,1,山野孝義,なし,教育学部、社会学部,,無,,,,無,,可,,,,,,,,,,大和大学サッカー場,大阪府吹田市片山町2-5-1,人工芝、夜間照明設備あり,なし,,,
230,明治国際医療大学,関西,関西4部Aブロック ,E：楽しく本気でサッカーをしたい,,D：それ以外の私大,,https://www.instagram.com/muim_soccer?igsh=Ynp3YWRkdHBhZHZq,25,6,2,7,10,0,0,0,0,0,1,久保 敦士,なし,柔道整復学科、鍼灸学科、救急救命学科,,,,,,,,可,,,,,,,,,,明治国際医療大学グラウンド,京都府南丹市日吉町保野田ヒノ谷6,全面人工芝、夜間照明設備あり,なし,,,
231,神戸市外国語大学,関西,関西4部Aブロック ,E：楽しく本気でサッカーをしたい,,F：国公立,,https://www.instagram.com/kcufs_fc/,17,17,,,,0,0,0,0,0,1,学生主体,なし,英米学科、イスパニア学科、中国学科,,無,,,,無,,可,,,,,,,,,,神戸市外国語大学グラウンド,兵庫県神戸市西区学園東町9-1,土・天然芝混合グラウンド,なし,,,
232,京都外国語大学,関西,関西4部Aブロック ,E：楽しく本気でサッカーをしたい,,D：それ以外の私大,,https://www.instagram.com/kufs.f.c/?igsh=NmRta2tqMzBoMHk4,18,4,6,8,,0,0,0,0,0,1,古谷 国大,なし,外国語学部,,無,,,,無,,可,,,,,,,,,,京都外国語大学グラウンド,京都府京都市右京区西院笠目町6,天然芝ピッチ,なし,,,
233,奈良大学,関西,関西4部Aブロック ,E：楽しく本気でサッカーをしたい,,D：それ以外の私大,,https://www.instagram.com/nara_univ.fc/,20,20,,,,0,0,0,0,0,1,学生主体,なし,文学部、社会学部,,無,,,,無,,可,,,,,,,,,,奈良大学グラウンド,奈良県奈良市山陵町1500,土グラウンド,なし,,,
234,関西外国語大学,関西,関西4部Bブロック ,E：楽しく本気でサッカーをしたい,,C：中堅私大,,https://kansaigaidai-fc.com,32,8,1,6,17,0,0,0,0,0,2,平井 博志,なし,英語国際学部 英語国際学科、外国語学部 英米語学科,,有,90,,公的機関の主催による都府県大会ベスト8以上,有,入学後,可,一般入試組の新入生を対象としたセレクション実施,,,,,,,,,関西外国語大学御殿山キャンパスグラウンド,大阪府枚方市御殿山南町6-1,2024年完成の新設ピッチはクッション性や耐久性に優れた最新の人工芝で、全天候型の練習・試合が可能。ナイター設備も完備。公式戦開催にも対応。,なし,,,
235,神戸国際大学,関西,関西4部Bブロック ,E：楽しく本気でサッカーをしたい,,D：それ以外の私大,,https://www.kobe-kiu.ac.jp/info/campus_life/club/football/,47,47,,,,0,0,0,0,0,1,上加世田 航也,兵庫県大学リスペクトリーグ 1チーム,経済学部,,無,,,,無,,可,,,,,,,,,,神戸国際大学グラウンド,兵庫県神戸市東灘区向洋町中9-1-6,"学内は照明設備付きグラウンド
学外の灘浜スポーツゾーンのフィールド（人工芝）でも活動",なし,,,
236,和歌山大学,関西,関西4部Bブロック ,E：楽しく本気でサッカーをしたい,D：学生主体の活動でいろんな経験をしたい,F：国公立,常に価値を創出し、ピッチ内外で和歌山に活力を生み出し続けることを目指し学生主体での活動に取り組んでいる。強化部・事業部・運営部に分かれ、「ＷＡプロジェクト」と銘打ち、地域貢献活動も実施している。また2025シーズンからJリーガーの鈴木大誠氏がロールモデルコーチに就任するなど、サッカー面の強化も図っている。地域に根差した今後の活動に期待。,https://wakayama.squadra11.com,45,45,,,,,0,0,0,0,1,脇 真一郎,なし,経済学部,,無,,,,無,,可,,,,,,,,,,和歌山大学グラウンド,和歌山県和歌山市栄谷930,和歌山大学陸上競技場のピッチは天然芝,なし,,,
237,京都教育大学,関西,関西4部Bブロック ,E：楽しく本気でサッカーをしたい,,F：国公立,,https://www.instagram.com/kyokyo_soccer/,25,25,,,,0,0,0,0,0,1,山口 森久,なし,教育学部・体育領域専攻,,無,,,,無,,可,,,,,,,,,,京都教育大学グラウンド,京都府京都市伏見区深草藤森町1,土グラウンド、照明設備あり,なし,,,
238,兵庫県立大学姫路,関西,関西4部Bブロック ,E：楽しく本気でサッカーをしたい,,F：国公立,,https://www.instagram.com/uoh_soccerclub/,25,25,,,,0,0,0,0,0,1,斎木 慎三郎,なし,"工学部, 理学部, 環境人間学部",,無,,,,無,,可,,,,,,,,,,兵庫県立大学姫路新在家グラウンド,兵庫県姫路市新在家本町1-1-12,天然芝または土グラウンド,なし,,,
239,滋賀大学教育学部,関西,関西4部Bブロック ,E：楽しく本気でサッカーをしたい,,F：国公立,,https://www.instagram.com/shigauniv_soccer/,30,30,,,,0,0,0,0,0,1,奥田 援史,なし,教育学部,,無,,,,無,,可,,,,,,,,,,滋賀大学彦根キャンパスグラウンド,滋賀県彦根市馬場1-5-5,土または天然芝のグラウンド,なし,,,
240,大阪工業大学,関西,関西4部Bブロック ,E：楽しく本気でサッカーをしたい,,D：それ以外の私大,,https://www.oit.ac.jp/gakusei/club/org-sports/209.html,62,62,,,,0,0,0,0,0,2,村岡 雅弘,なし,工学部、ロボティクス＆デザイン工学部、情報科学部、知的財産学部,,無,,,,無,,可,,,,,,,,,,大阪工業大学大宮キャンパスグラウンド,大阪府大阪市旭区大宮5-16-1,"キャンパス毎に1面ずつ
• 枚方キャンパス陸上競技場兼サッカー場：2020年に人工芝化（夜間照明・観客席も完備）
• 大宮キャンパス河川敷第4コート：土/天然芝（簡易グラウンド、人工芝ではない）",なし,,,
241,大谷大学,関西,関西4部Bブロック ,E：楽しく本気でサッカーをしたい,,D：それ以外の私大,,https://www.otani.ac.jp/clubs/nab3mq00000020ts.html,13,13,,,,0,0,0,0,0,1,マイケル・コンウェイ,なし,文学部、社会学部,,無,,,,無,,可,,,,,,,,,,大谷大学本部キャンパスグラウンド,京都府京都市北区小山上総町,人工芝,なし,,,
242,四天王寺大学,関西,関西4部Bブロック ,E：楽しく本気でサッカーをしたい,,D：それ以外の私大,,https://www.instagram.com/shitennoji.fc?igsh=aXU5emw3d21ya2cy,23,23,,,,0,0,0,0,0,1,伊達 由実,なし,教育学部,,無,,,,無,,可,,,,,,,,,,四天王寺大学グラウンド,大阪府羽曳野市学園前3-2-1,人工芝、照明設備あり,なし,,,
243,IPU・環太平洋大学,中国,中国1部 ,B：自分がどこまで上を目指せるか挑戦したい,F：選手以外の形でサッカーと関わりたい,E：スポーツ系私大,スポーツに力を入れている大学でグラウンドはもちろんトレーニングセンターやコンディショニングルームなど全国屈指の環境を誇る。ほか部活も全国レベルでそこからの刺激もある。部員数は多いものの、サッカーが本気で大好きな選手が多い印象で、明るい雰囲気。学生トレーナーや学生コーチも多く在籍している。ボールをしっかり繋ぐサッカーを徹底,https://ipu-japan.ac.jp/athletic/club/soccer/,203,50,52,48,53,0,2,1,5,5,2,桂 秀樹,中国社会人リーグ 1チーム / 岡山県社会人リーグ1部 1チーム /インディペンデンスリーグ中国1部 1チーム、2部 3チーム / 岡山県学生リーグ 2チーム,体育学部、経済経営学部等,,有,20,3,,無,,可,誰でも入部可,,,,,,,,,IPU・環太平洋大学ラグビー・サッカー場,岡山県岡山市東区瀬戸町観音寺758,施設面全国TOPクラス,なし,,,
244,福山平成大学,中国,中国1部 ,C：チームと一緒にカテゴリー・地域内での立ち位置を上げていきたい,,D：それ以外の私大,,https://www.instagram.com/fhu_fc?igsh=bGE4NGlrY2Frdjdw,40,40,,,,0,0,0,0,2,1,若井 研治,インディペンデンスリーグ中国1部 1チーム,福祉健康学部・健康スポーツ科学科,,有,,3,,無,,可,,,,,,,,,,福山平成大学サッカー場,広島県福山市御幸町上岩成正戸117-1,"• 人工芝（全天候型・2023年リニューアル）
• 陸上トラック併設
• 天然芝のフリースペースあり",なし,,,
245,広島文化学園大学,中国,中国1部 ,E：楽しく本気でサッカーをしたい,,D：それ以外の私大,,https://www.footballnavi.jp/hbg_soccer/,54,10,23,6,15,0,0,0,3,0,,房野 真也,インディペンデンスリーグ中国1部 1チーム、2部 1チーム,スポーツ健康福祉学科,,,,,,,,,,,,,,,,,,広島文化学園大学サッカー場,広島県広島市安佐南区長束西3-5-1,,,,,
246,福山大学,中国,中国1部 ,B：自分がどこまで上を目指せるか挑戦したい,,D：それ以外の私大,,https://www.footballnavi.jp/fukuyama_univ/,86,20,18,23,25,0,0,0,2,2,,的場 千尋,インディペンデンスリーグ中国1部 1チーム、2部 1チーム / 広島県社会人リーグ1部 チームj,経済学部(大部分)、人間文化学部、工学部,,,,,,,,,,,,,,,,,,福山大学グラウンド,広島県福山市学園町1-1,,,,,
247,周南公立大学,中国,中国1部 ,C：チームと一緒にカテゴリー・地域内での立ち位置を上げていきたい,,F：国公立,,https://www.instagram.com/shunan_u?igsh=MXRiMGgzMGdwZXgyeA==,39,10,15,7,7,0,0,0,2,1,1,田中 龍哉,なし,人間健康科学部 スポーツ健康科学科（2024年度新設）,,無,,,,無,,可,なし,,,,,,,,,周南公立大学グラウンド,山口県周南市学園台843-4,大学内にサッカーコート1面あり（人工芝・照明設備付き）,なし,,,
248,広島修道大学,中国,中国1部 ,C：チームと一緒にカテゴリー・地域内での立ち位置を上げていきたい,,C：中堅私大,,https://www.instagram.com/shudosoccer1960?igsh=bGp0OWprOGxlczFl,100,100,,,,0,0,1,0,1,1,畑 裕喜,インディペンデンスリーグ中国1部 1チーム / 広島県社会人リーグ1部 1チーム,法学部、経済科学部、商学部、人文学部など多岐にわたる,,有,,3.5,,有,秋,可,高校生対象の練習会・セレクションを秋～冬に開催高校までのサッカー歴や一定の実力が求められる,,,,"60,000円 / 年間",,,,,広島修道大学グラウンド,広島県広島市安佐南区大塚東1-1-1,"• 第2グラウンドはロングパイル人工芝で、夜間照明設備を完備
• 第1グラウンドは天然芝で、公式戦等で使用",なし,,,
249,広島経済大学,中国,中国1部 ,C：チームと一緒にカテゴリー・地域内での立ち位置を上げていきたい,,D：それ以外の私大,,https://www.hue.ac.jp/circle/taiku/huefc/,65,17,13,14,21,0,0,0,4,3,,服部 公太,インディペンデンスリーグ中国1部 1チーム、2部 1チーム,経済学部、経営学部、メディアビジネス学部,,,,,,無,,条件有,推薦選抜選手以外は入学後に体験入部で選考,,,,,,,,,広島経済大学サッカー場,広島県広島市安佐南区祇園5-37-1,,,,,
250,広島大学,中国,中国1部 ,B：自分がどこまで上を目指せるか挑戦したい,,F：国公立,,https://hiroshima-u-soccer.jimdofree.com/,85,17,16,20,32,0,0,0,5,6,1,上泉  康樹,インディペンデンスリーグ中国1部 1チーム、2部 1チーム,生物生産学部、総合科学部、工学部、教育学部、経済学部、文学部、理学部、情報科学部,,有,,,,,,,,,,,,,,,,広島大学西条キャンパスサッカー場,広島県東広島市鏡山1-1-1,学内人工芝,,,,
251,川崎医療福祉大学,中国,中国1部 ,E：楽しく本気でサッカーをしたい,F：選手以外の形でサッカーと関わりたい,D：それ以外の私大,,https://w.kawasaki-m.ac.jp/life/activities_club_06/,35,,,,,0,0,0,0,0,1,松枝 秀二,岡山県学生リーグ 1チーム,リハビリテーション学部、医療技術学部、医療福祉学部,,無,,,,無,,可,誰でも入部可,,,,,,,,,川崎医療福祉大学グラウンド,岡山県倉敷市松島288,ロングパイル人工芝フィールド（夜間照明完備）,なし,,,
252,岡山理科大学,中国,中国1部 ,D：学生主体の活動でいろんな経験をしたい,E：楽しく本気でサッカーをしたい,C：中堅私大,,https://ridai-fc.com/,49,5,7,20,17,0,0,0,0,0,1,奏 敬治,岡山県学生リーグ 1チーム,教育学部、理学部、工学部、総合情報学部,,有,,3,総合型選抜B日程〈課外活動・スポーツ自己推薦方式,無,,可,誰でも入部可,,,,,,,,,岡山理科大学笹ヶ瀬グラウンド,岡山県岡山市北区横井上,人工芝ピッチ（夜間照明完備）、トレーニング施設・部室併設,なし,,,
253,岡山大学,中国,中国2部 ,E：楽しく本気でサッカーをしたい,,F：国公立,,http://fc-okayama-univ.com/TeamProfile/top.html,66,16,8,25,17,0,0,0,0,0,,山田 充,岡山県学生リーグ 1チーム,,,無,,,,無,,可,誰でも入部可,,,,,,,,,岡山大学鹿田キャンパス運動場,岡山県岡山市北区鹿田町2-5-1,,,,,
254,山口大学,中国,中国2部 ,E：楽しく本気でサッカーをしたい,,F：国公立,,https://www.instagram.com/yamadai.soccer?igsh=MnRvZDJ6c2IxbXo5,43,,,,,0,0,0,0,0,1,丹 信介,山口県学生リーグ 1チーム,人文学部、経済学部、理学部、国際総合科学部,,無,,,,無,,可,誰でも入部可,,,,,,,,,山口大学吉田キャンパスグラウンド,山口県山口市吉田1677-1,"• 天然芝グラウンド使用
• 夜間照明設備あり",なし,,,
255,下関市立大学,中国,中国2部 ,E：楽しく本気でサッカーをしたい,,F：国公立,,https://www3.hp-ez.com/hp/scufc,30,,,,,0,0,0,0,0,1,松崎 守利,なし,経済学部（経済学科、国際商学科、公共マネジメント学科）,,無,,,,無,,可,大学在籍で、週4日の練習とチーム活動に参加できる意欲があれば可,,,,,,,,,下関市立大学グラウンド,山口県下関市大学町4-1-1,"• 大学内グラウンドは土主体（全面芝ではない）
• 人工芝の試合会場として乃木浜総合公園などを併用
• 照明設備はあるが、限られた時間帯で使用",なし,,,
256,尾道市立大学,中国,中国2部 ,E：楽しく本気でサッカーをしたい,,F：国公立,,https://www.onomichi-u.ac.jp/campus_life/club/soccer.html,15,15,,,,0,0,0,0,0,1,藤岩 秀樹,,経済情報学部（主力）、芸術文化学部,,無,,,,無,,可,練習（週3回程度）に参加できれば誰でも入部可能,,,,,,,,,尾道市立大学第2グラウンド, 広島県尾道市久山田町1600-2,"• 大学内グラウンドは土（クレー）
• 市営の東尾道多目的競技場（人工芝グラウンド）も利用可",なし,,,
257,就実大学,中国,中国2部 ,E：楽しく本気でサッカーをしたい,,D：それ以外の私大,,https://www.instagram.com/shujitsu.soccer_official?igsh=MTRod2ZzYm9sb3po,31,31,,,,0,0,0,0,0,1,丹生 裕一,,教育学部、経営学部、人文科学部など（特に教育学部が多め）,,無,,,,無,,可,,,,,,,,,,就実大学祇園グラウンド,岡山県岡山市中区祇園626-1,人工芝、全天候型で夜間照明完備,なし,,,
258,鳥取大学,中国,中国2部 ,E：楽しく本気でサッカーをしたい,,F：国公立,,https://tottorisoccer.wixsite.com/toridaisoccer,30,5,10,7,8,0,0,0,0,0,1,中郷 厚史,,農学部、工学部,,無,,,,無,,可,,,,,,,,,,鳥取大学鳥取地区キャンパスサッカー場,鳥取県鳥取市湖山町南4-101,"・天然芝グラウンド1面（ラグビー部・アメフト部と共用）
・夜間照明設備あり",なし,,,
259,広島工業大学,中国,中国2部 ,E：楽しく本気でサッカーをしたい,,D：それ以外の私大,,https://tigers-hitsoccer.jimdofree.com/,49,49,,,,0,0,0,0,0,1,今井 厚准,,工学部（電子情報工学科、電気システム工学科、建築工学科など）、環境学部（建築デザイン学科など）,,無,,,"総合型選抜の推薦あり
• 評定平均値：高校でA段階（おおむね上位約30％以上）
• 全学で約20〜30名程度（各学科数名程度）",無,,可,,,,,,,,,,広島工業大学グラウンド,広島県広島市佐伯区三宅2丁目1-1,人工芝グラウンド（夜間照明あり）,なし,,,
260,島根大学,中国,中国2部 ,E：楽しく本気でサッカーをしたい,,F：国公立,,https://www.instagram.com/shimane_univ.fc?igsh=cTQwcXl1NjRxNXg2,30,5,10,10,5,0,0,0,0,0,1,学生監督,,農学部、工学部、法文学部、生物資源科学部など幅広い学部（特に農学部・工学系が多い）,,無,,,"（総合型選抜・へるん入試 芸術・スポーツ枠）
・出願条件：都道府県大会ベスト4以上の実績
・評定基準：高校での成績が上位30％以上（評定A段階）
・受入人数：各学部で若干名（農学部は例年約3名程度）",無,,可,,,,,,,,,,島根大学運動場,島根県松江市西川津町1060,天然芝グラウンド1面（ラグビー・アメフト部との共用、夜間照明あり）,なし,,,
261,吉備国際大学,中国,中国2部 ,E：楽しく本気でサッカーをしたい,,D：それ以外の私大,,https://www.kibikokusai-fc.jp/,41,8,12,21,,0,0,0,0,0,2,下山 雅司,,社会科学部（スポーツ社会学科中心）、人間科学部など,,有,,,"・基準評定：明確な基準なし（競技実績重視）
・受け入れ人数：社会科学部中心に各年度若干名（約3～5名程度）",有,夏,可,夏～秋頃に練習参加型のセレクションを実施,,,,,,,,,吉備国際大学楢井グラウンド,岡山県高梁市松山,人工芝グラウンド2面（全天候型・夜間照明付き）,なし,,,
262,広島国際大学,中国,中国2部 ,D：学生主体の活動でいろんな経験をしたい,,C：中堅私大,,https://www.hirokoku-u.ac.jp/student/activities/higashihiroshima/soccer.html,40,40,,,,0,0,0,0,0,1,菅　輝,,健康スポーツ学部、リハビリテーション学部など医療・健康系学部が中心,,有,12,3.5,"（学校推薦型選抜）
・評定平均の明確な基準は非公表（目安として3.5程度以上）
・健康スポーツ学部で約12名程度募集（サッカー部志望者を含む）",無,,可,,,,,,,,,,広島国際大学サッカー場,広島県東広島市黒瀬学園台555-36,"人工芝グラウンド（ロングパイル人工芝・夜間照明完備）
更衣室・シャワー・トレーニング施設も併設",なし,,,
263,四国学院大学,四国,四国1部 ,C：チームと一緒にカテゴリー・地域内での立ち位置を上げていきたい,E：楽しく本気でサッカーをしたい,D：それ以外の私大,四国出身者を中心にチーム構成されており、四国から全国へをモットーに活動。ピッチ外での活動にも力を入れておりチームビルディング合宿や地域貢献活動も多数実施。サッカー選手としても人としても成長できる環境を目指している。総監督はFC東京の育成統括をしていた経験を持つ本吉氏,https://www.footballnavi.jp/shikoku_gakuin/,37,9,13,8,7,1,0,1,6,5,1,榮井 佑介,,社会学部、文学部等,,有,,,条件なし,有,夏,可,面談経由でOKになれば入部可,,,,,,,,,,,,なし,,,
264,聖カタリナ大学,四国,四国1部 ,C：チームと一緒にカテゴリー・地域内での立ち位置を上げていきたい,E：楽しく本気でサッカーをしたい,D：それ以外の私大,,https://www.footballnavi.jp/catherine/,38,14,7,10,7,0,0,0,5,0,,渡部 誉也,,,,有,,,,,,,,,,,,,,,,,,,,,,
265,愛媛大学,四国,四国1部 ,E：楽しく本気でサッカーをしたい,,F：国公立,,https://www.ehimeusoccer.com/,25,7,8,8,2,0,0,0,0,0,,石本 信親,,,,無,,,,,,,,,,,,,,,,,,,,,,
266,松山大学,四国,四国1部 ,C：チームと一緒にカテゴリー・地域内での立ち位置を上げていきたい,,D：それ以外の私大,,https://www.instagram.com/soccer_matsudai?igsh=Mmp4bDhubnN3bzVo,27,6,7,5,9,0,0,0,0,0,1,大西 貴,,経済学部、経営学部,,無,,,,無,,可,,,,,,,,,,,,人工芝、夜間照明設備完備,なし,,,
267,高知大学,四国,四国1部 ,C：チームと一緒にカテゴリー・地域内での立ち位置を上げていきたい,D：学生主体の活動でいろんな経験をしたい,F：国公立,,https://kufcweb.wixsite.com/kufcwebsite,107,25,29,25,28,0,0,0,2,0,,宮武 敢司,,,,無,,,,無,,,,,,,,,,,,,,,,,,
268,高松大学,四国,四国1部 ,C：チームと一緒にカテゴリー・地域内での立ち位置を上げていきたい,,D：それ以外の私大,,https://www.takamatsu-u.ac.jp/life/extracurricular/club-soccer/,34,4,12,8,10,0,0,0,8,0,,吉田 明博,,,,有,,,,,,,,,,,,,,,,,,,,,,
269,鳴門教育大学,四国,四国2部,E：楽しく本気でサッカーをしたい,,F：国公立,,https://www.instagram.com/nuefootball.11?igsh=aDJiMGllYzI5YmN5,20,20,,,,0,0,0,0,0,1,非公表,,教育学部,,無,,,,無,,可,,,,,,,,,,,,グラウンドは広さ充分なフルサイズピッチで、ラグビー部と共用,なし,,,
270,徳島大学,四国,四国2部,E：楽しく本気でサッカーをしたい,,F：国公立,,https://www.instagram.com/t.u.soccer?igsh=aHB1NGVwdjFiYXVk,50,10,14,13,13,0,0,0,0,0,1,監督不在（学生主体）,,理工学部,,無,,,,無,,可,,,,,,,,,,,,照明設備もあり夜間練習が可能だが、人工芝ピッチのような専用設備は整っていない,なし,,,
271,香川大学,四国,四国2部,E：楽しく本気でサッカーをしたい,,F：国公立,,https://kagawaunivfc.wixsite.com/mysite/,31,2,5,10,14,0,0,0,0,0,,澤 宜英,,,,無,,,,,,,,,,,,,,,,,,,,,,
272,高知工科大学,四国,四国2部,E：楽しく本気でサッカーをしたい,,F：国公立,,https://www.kochi-tech.ac.jp/campus_life/activities/athletic-club/post-5.html#:~:text=URL%3A%20https%3A%2F%2Fwww.kochi,35,35,,,,0,0,0,0,0,1,監督不在,,理工系のシステム工学群、経済・マネジメント学群,,有,,4,総合型選抜の「スポーツ区分」として実施。出願資格には全国大会ベスト８以上の成績を有する者という文言あり,無,,可,,,,,,,,,,,,キャンパス内のサッカーグラウンドは天然芝で夜間照明設備あり 併設のフットサルコートは最新式人工芝を採用 ,なし,,,
273,徳島文理大学,四国,四国2部,E：楽しく本気でサッカーをしたい,,D：それ以外の私大,,https://www.bunri-u.ac.jp/campus-life/clubs/tks/soccer.html,7,7,,,,0,0,0,0,0,1,金子 憲一,,総合政策学部、保健福祉学部、人間生活学部,,,,,,無,,可,,,,,,,,,,,,人工芝グラウンド,なし,,,
274,福岡大学,九州,九州1部 ,A：大学経由でプロを目指したい,,C：中堅私大,九州の名門強豪大学。地方大学ながら毎年Jリーガーを多く輩出しており、一芸に秀でた選手が多く在籍している印象。グラウンドはもちろんその他施設も新たに新設されたりととても充実している。部員一人一人の主体性を高めるためにも部署制度を作っており、強固な組織づくりをはじめ、社会人としての基礎をつくることにも力をいれている。,https://fukuoka-u-football.com/,122,35,30,31,26,1,3,4,8,12,1,乾 真寛,,スポーツ科学部、法学部等,,有,20,3,,無,,不可,練習参加 or セレクションで入試前に合格必要,,,,,,,,,,,,あり,,,
275,日本文理大学,九州,九州1部 ,B：自分がどこまで上を目指せるか挑戦したい,,E：スポーツ系私大,大分県に所在。元JリーガーでOBである西野氏が監督を務め、各カテゴリーにスタッフを配置して指導にあたっている。九州では一番大所帯で１学年４０名程度が在籍。部員アパートや砂場練習場など特色ある施設も充実しており、個の育成に重きを置いている。大分県にゆかりがある選手を特に意識して九州からサッカーを盛り上げることを目指す,https://club.nbu.ac.jp/football/,127,25,35,36,31,0,0,2,1,0,1,西野 晃平,,工学部、経営経済学部等,,有,25,3,,無,,不可,,,,,,,,,,,,,あり（全寮制）,,,
276,鹿屋体育大学,九州,九州1部 ,B：自分がどこまで上を目指せるか挑戦したい,F：選手以外の形でサッカーと関わりたい,F：国公立,鹿児島県に所在。国立大学唯一の体育大学ということもあり、しっかりした選手が多い。立地環境がへ九州内でも辺鄙な場所にあり、移動がかなり大変な面もある。マネージャーや主務などの育成にも力をいれており、プレーヤー、指導者以外にもサッカーに関わる業務を携わりたい、集中してスポーツに取り組みたいメンバーにとっては良い環境。,https://kanoyafootball.com/,81,24,19,19,19,2,1,1,7,9,3,塩川 勝行,,体育学部,,有,5,3,スポーツ推薦は地域レベル以上の大会出場が必要,無,,可,誰でも入部可(基準あり),,,,,,,,,,,,なし,,,
277,九州産業大学,九州,九州1部 ,B：自分がどこまで上を目指せるか挑戦したい,,E：スポーツ系私大,福岡県に所在。Jリーグだけでなく、ヨーロッパでの指導経験も豊富な濱吉氏が監督を務め、「スポーツキャリアコーディネーター」という資格も保持。サッカー部内でも企画や広報、総務、審判などさまざまな部署を作り各々活動を促しながら、チーム強化と人材育成を行っている。サッカー選手以外の進路を考えている選手におすすめ。,https://www.ksusoccer1961.com/,84,18,16,22,28,1,1,1,4,1,1,,,人間科学部、経済学部等,,有,15,3.1,,無,,不可,練習参加で入試前に合格必要,,,,,,,,,,,,なし,,,
278,九州共立大学,九州,九州1部 ,C：チームと一緒にカテゴリー・地域内での立ち位置を上げていきたい,,E：スポーツ系私大,,https://www.instagram.com/kyouritsu.univ.football?igsh=enkwNTN1bWl2YWJ2,85,85,,,,0,0,0,0,0,1,後藤 太郎,,スポーツ学部スポーツ学科、経済学部,,有,,3,,無,,可,"入学後の練習参加により判断
高校でのサッカー経験が望ましい",,,,,,,,,,,"人工芝グラウンド、ナイター設備あり
トレーニング施設や部室も完備",なし,,,
279,宮崎産業経営大学,九州,九州1部 ,C：チームと一緒にカテゴリー・地域内での立ち位置を上げていきたい,,D：それ以外の私大,,https://www.miyasankei-u.ac.jp/student/soccer/,48,12,12,12,12,0,1,0,0,0,,笛 真人,,,,有,,3,,,,不可,,,,,,,,,,,,学内人工芝,,,,
280,九州国際大学,九州,九州1部 ,B：自分がどこまで上を目指せるか挑戦したい,,D：それ以外の私大,,https://kiusoccer.com/,61,,19,18,24,0,0,0,0,0,,籾井 徹司,,,,,,,,,,,,,,,,,,,,,,,,,,
281,日本経済大学,九州,九州1部 ,C：チームと一緒にカテゴリー・地域内での立ち位置を上げていきたい,,D：それ以外の私大,,https://www.instagram.com/jue.soccer?igsh=a3l1NWwxbWV1OHlz,70,10,20,20,20,1,0,0,1,0,1,上田 侑弥,,経済学部 健康スポーツ経営学科,,有,,,,有,年数回開催,可,入学後のセレクションに合格すれば可。高校でのサッカー経験者推奨,,,,,,,,,,,人工芝ピッチ（夜間照明完備）、クラブハウス、トレーニング施設あり,なし,,,
282,長崎国際大学,九州,九州1部 ,E：楽しく本気でサッカーをしたい,,D：それ以外の私大,,https://niufootball.net/,49,,5,21,23,0,0,0,0,0,,,,,,,,,,,,,,,,,,,,,,,,,,,,
283,沖縄国際大学,九州,九州1部 ,E：楽しく本気でサッカーをしたい,,D：それ以外の私大,,https://www.instagram.com/okiu_footballclub?igsh=OXpscjl0YnRxY2hr,70,70,,,,0,0,0,0,0,1,専任監督なし,,経済学部、産業情報学部,,有,,3.1,,無,,可,,,,,,,,,,,,"人工芝グラウンド（学内）
照明設備あり、夜間練習可能
トレーニングルーム、シャワールーム完備",なし,,,
284,久留米大学,九州,九州2部 ,E：楽しく本気でサッカーをしたい,,D：それ以外の私大,,https://www.instagram.com/kusoccer_?igsh=ZzV2eHY2Mzl0NDN5,40,10,10,10,10,0,0,0,0,0,1,眞田 博和,,人間健康学部（スポーツ医科学科が中心）、法学部、商学部、経済学部など,,有,,3,,有,夏,可,毎年8月〜9月に体験型セレクション実施,,,,,,,,,,,"人工芝グラウンド1面（2024年に全面改修済、夜間照明完備）
更衣室、シャワールーム、トレーニングルームなど完備",なし,,,
285,東海大学熊本,九州,九州2部 ,C：チームと一緒にカテゴリー・地域内での立ち位置を上げていきたい,,D：それ以外の私大,,http://www.tokai-kumamoto-fc.jp,59,19,12,6,22,0,0,0,0,0,,川部 靖徳,,,,無,,,,無,,可,,,,,,,,,,,,学内人工芝,,,,
286,熊本学園大学,九州,九州2部 ,E：楽しく本気でサッカーをしたい,,C：中堅私大,,http://www.kumagaku.ac.jp/circle_sports/archives/17,62,,22,16,24,0,0,0,0,0,,東 賢太郎,,,,,,,,,,,,,,,,,,,,,,,,,,
287,西南学院大学,九州,九州2部 ,C：チームと一緒にカテゴリー・地域内での立ち位置を上げていきたい,,C：中堅私大,,https://seinan-univ-soccer.com/,70,10,20,20,20,0,0,0,0,0,1,纉木 智彦,,特定学部への偏りなし,,無,,,,無,,可,,,,,,,,,,,,"天然芝ピッチ
ナイター設備、クラブハウス、トレーニング施設完備",なし,,,
288,長崎総合科学大学,九州,九州2部 ,E：楽しく本気でサッカーをしたい,,D：それ以外の私大,,https://www.instagram.com/fc.niasfootball?igsh=YnNqZ3p6ZG41Z3Q=,20,20,,,,0,0,0,0,0,1,八戸 寿憲,,総合情報学部,,有,,3,総合選抜合格者にはスポーツ特待生制度あり,無,,可,,,,,,,,,,,,"人工芝ピッチ
照明設備あり（ナイター可能）",なし,,,
289,福岡教育大学,九州,九州2部 ,E：楽しく本気でサッカーをしたい,D：学生主体の活動でいろんな経験をしたい,F：国公立,,https://utef-fc.jimdofree.com/,13,3,2,8,,0,0,1,0,0,1,専任監督なし,,教育学部,,無,,,,無,,可,,,,,,,,,,,,"学内グラウンド1面（クレーまたは人工芝）
公式戦・合宿では福岡フットボールセンター（人工芝）、グローバルアリーナ（天然芝）を使用
ナイター設備あり（外部施設利用時）",なし,,,
290,九州大学,九州,九州2部 ,E：楽しく本気でサッカーをしたい,,F：国公立,,https://kyushuuniv-soccer.amebaownd.com/,39,,10,10,19,0,0,0,0,0,,学生監督,,,,,,,,,,,,,,,,,,,,,,,,,,
291,西日本工業大学,九州,九州2部 ,E：楽しく本気でサッカーをしたい,,D：それ以外の私大,,https://www.instagram.com/nit.football?igsh=dGZmb2F3dXFpcTN0,30,30,,,,0,0,0,0,0,1,柄本 一輝,,工学部、デザイン学部,,有,,3,大学の顧問または監督の紹介が必要。基礎学力検査あり（数学Ⅰ）,無,,可,,,,,,,,,,,,人工芝グラウンド（照明設備完備・ナイター可）,なし,,,
292,九州医療科学大学,九州,九州2部 ,E：楽しく本気でサッカーをしたい,,D：それ以外の私大,,https://www.instagram.com/kums_11?igsh=bTlzOG5iZHB4aHY3,30,30,,,,0,0,0,0,0,1,桑原 一太,,社会福祉学部 スポーツ健康福祉学科,,有,,3.1,競技実績により特待生制度あり（学費減免）,無,,可,,,,,,,,,,,,"天然芝グラウンド
照明設備はなし（ナイター設備なし）
トレーニングルームや体育館あり",なし,,,
293,佐賀大学,九州,九州2部 ,E：楽しく本気でサッカーをしたい,,F：国公立,, https://www.instagram.com/sadai_soccer?igsh=MWlxczZmYnU1MnI3ZA==,60,60,,,,0,0,0,0,0,1,坂元 康成,,教育学部、経済学部、理工学部,,無,,,,無,,可,,,,,,,,,,,,"天然芝グラウンド（近年、土から天然芝へ整備済）
照明設備あり（ナイター練習可能）
隣接の更衣室・部室など施設充実",なし,,,
294,宮崎大学,九州,九州3部 ,E：楽しく本気でサッカーをしたい,,F：国公立,,https://univofmiyazakifc.wixsite.com/univ-of-miyazaki-fc,29,4,8,6,11,0,0,0,0,0,1,非公表,,工学部、教育学部、農学部、地域資源創成学部など,,無,,,,有,入学後,可,入学後セレクション合格が条件,,,,,,,,,,,"天然芝ピッチ、夜間照明設備あり
トレーニングルーム・体育館などの施設も充実",なし,,,
295,九州工業大学,九州,九州3部 ,E：楽しく本気でサッカーをしたい,,F：国公立,,https://www.instagram.com/kyutechfootball?igsh=cDk0bjR3MnQwM2Yy,25,25,,,,0,0,0,0,0,1,専任監督なし,,工学部、情報工学部,,無,,,,無,,可,,,,,,,,,,,,天然芝グラウンド（照明設備なし）,なし,,,
296,沖縄大学,九州,九州3部 ,E：楽しく本気でサッカーをしたい,,D：それ以外の私大,,https://sc.footballnavi.jp/okinawa_univ_sc/,30,30,,,,0,0,0,0,0,1,備瀬 知貴,,人文学部福祉文化学科,,有,,3.1,,無,,可,入学後の練習参加により入部,,,,,,,,,,,"• 天然芝またはクレー（土）グラウンド
• 照明設備なし（公式戦は外部競技場を使用）",なし,,,
297,名桜大学,九州,九州3部 ,E：楽しく本気でサッカーをしたい,,F：国公立,,https://sc.footballnavi.jp/meiofc/,22,,4,10,8,0,0,0,0,0,,神谷 義人,,,,,,,,,,,,,,,,,,,,,,,,,,
298,鎮西学院大学,九州,九州3部 ,E：楽しく本気でサッカーをしたい,,D：それ以外の私大,,https://www.wesleyan.ac.jp/life/club.php,40,40,,,,0,0,0,0,0,1,神﨑 大輔,,総合社会学部,,,,,,無,,可,,,,,,,,,,,,"学内グラウンドは土または天然芝
学外人工芝グラウンド「スポーツパークいさはや」も使用",なし,,,
299,熊本大学,九州,九州3部 ,E：楽しく本気でサッカーをしたい,,F：国公立,,https://www.instagram.com/kumamotouniv_football/,40,40,,,,0,0,0,0,0,2,学生主体,,教育学部、文学部、理学部、工学部,,無,,,,無,,可,,,,,,,,,,,,"1面はクレー（土）仕様の多目的グラウンド、
もう1面は陸上競技場（トラック付）の天然芝フィールド",なし,,,
300,大分大学,九州,九州3部 ,E：楽しく本気でサッカーをしたい,,F：国公立,,https://www.instagram.com/oitauniv_fc/,28,8,5,9,6,0,0,0,0,0,1,吉原 弘明,,理工学部、経済学部、福祉健康科学部、教育学部,,無,,,,無,,可,,,,,,,,,,,,陸上競技場の1面（天然芝フィールド）,なし,,,
301,鹿児島大学,九州,九州3部 ,E：楽しく本気でサッカーをしたい,,F：国公立,,https://www.instagram.com/football_k_univ?igsh=MTZiOHp3d3lubjJudw==,30,30,,,,0,0,0,0,0,1,坂元 盛史,,教育学部、法文学部,,無,,,,無,,可,,,,,,,,,,,,天然芝,なし,,,